Start Date,Start Date,Start Time,Distance,Duration,W째 of Start,N째 of Start,W째 of Finish,N째 of Finish
Tuesday,21-8-2018,16:07,1.05,0:17,-85.43735,31.24985,-85.43018,31.25235
Tuesday,21-8-2018,17:31,1.18,0:04,-85.4299,31.25248,-85.43689,31.24964
Tuesday,21-8-2018,18:27,2.1,0:05,-85.43714,31.2498,-85.42214,31.23942
Tuesday,21-8-2018,20:12,2.29,0:07,-85.42172,31.23931,-85.43681,31.25012
Wednesday,22-8-2018,7:37,5.51,0:13,-85.43672,31.24973,-85.46467,31.31453
Wednesday,22-8-2018,11:03,5.53,0:12,-85.46467,31.31453,-85.43724,31.24984
Wednesday,22-8-2018,12:31,5.53,0:13,-85.43698,31.25,-85.46524,31.31445
Wednesday,22-8-2018,14:43,7.17,0:11,-85.46525,31.31432,-85.38104,31.26923
Wednesday,22-8-2018,15:18,4.5,0:29,-85.38105,31.26925,-85.43717,31.25026
Wednesday,22-8-2018,16:22,1.05,0:08,-85.43717,31.25026,-85.43011,31.25244
Wednesday,22-8-2018,17:39,1.2,0:08,-85.43011,31.25244,-85.43718,31.25028
Wednesday,22-8-2018,18:27,0.81,0:02,-85.43667,31.24997,-85.4351,31.23986
Wednesday,22-8-2018,19:31,0.84,0:04,-85.4351,31.23986,-85.43718,31.25028
Thursday,23-8-2018,7:31,5.52,0:17,-85.43718,31.25028,-85.46496,31.31435
Thursday,23-8-2018,13:44,5.49,0:15,-85.46496,31.31435,-85.43735,31.24983
Thursday,23-8-2018,14:12,4.46,0:08,-85.43735,31.24983,-85.38101,31.26928
Thursday,23-8-2018,17:57,4.5,0:07,-85.38102,31.26924,-85.43719,31.25023
Thursday,23-8-2018,18:42,3.23,0:12,-85.43719,31.25023,-85.43724,31.24984
Friday,24-8-2018,10:28,2.56,0:06,-85.43724,31.24984,-85.45123,31.22791
Friday,24-8-2018,11:09,6.92,0:15,-85.45123,31.22791,-85.38106,31.26926
Friday,24-8-2018,15:25,0.02,0:01,-85.38106,31.26926,-85.38088,31.26933
Friday,24-8-2018,15:29,4.5,0:09,-85.38097,31.2694,-85.4372,31.25026
Friday,24-8-2018,17:48,5,0:12,-85.43546,31.24928,-85.40228,31.20614
Friday,24-8-2018,21:51,0.05,0:01,-85.40228,31.20614,-85.40381,31.20676
Friday,24-8-2018,21:53,9.59,0:22,-85.40387,31.20676,-85.38277,31.26944
Friday,24-8-2018,22:33,4.6,0:08,-85.38277,31.26944,-85.43722,31.25027
Saturday,25-8-2018,16:47,3.77,0:08,-85.43681,31.24917,-85.46674,31.23277
Saturday,25-8-2018,17:19,3.08,0:09,-85.46674,31.23277,-85.43717,31.25025
Saturday,25-8-2018,19:04,4.64,0:10,-85.43696,31.25012,-85.48776,31.23607
Saturday,25-8-2018,21:21,4.71,0:09,-85.48776,31.23607,-85.43715,31.25021
Sunday,26-8-2018,8:54,0.99,0:03,-85.43715,31.25021,-85.4368,31.24011
Sunday,26-8-2018,11:28,0.94,0:05,-85.4368,31.24011,-85.43713,31.25021
Sunday,26-8-2018,15:59,2.47,0:08,-85.43713,31.25021,-85.43716,31.25022
Sunday,26-8-2018,17:02,2.47,0:07,-85.43666,31.24978,-85.43716,31.25024
Monday,27-8-2018,7:38,5.57,0:13,-85.43716,31.25024,-85.46463,31.31431
Monday,27-8-2018,10:45,4.14,0:09,-85.46463,31.31431,-85.44389,31.26622
Monday,27-8-2018,11:27,1.51,0:05,-85.44389,31.26622,-85.43721,31.24983
Monday,27-8-2018,12:36,5.92,0:15,-85.4371,31.24993,-85.46845,31.3151
Monday,27-8-2018,13:42,6.86,0:16,-85.46838,31.31457,-85.38103,31.26928
Monday,27-8-2018,17:51,4.5,0:10,-85.38111,31.26932,-85.43717,31.25025
Tuesday,28-8-2018,7:35,5.51,0:19,-85.43685,31.25001,-85.46469,31.31446
Tuesday,28-8-2018,13:43,6.66,0:11,-85.46469,31.31446,-85.38106,31.26928
Tuesday,28-8-2018,15:20,5.82,0:11,-85.38103,31.26964,-85.40946,31.22927
Tuesday,28-8-2018,15:52,2.75,0:08,-85.4096,31.22946,-85.43726,31.24982
Tuesday,28-8-2018,16:20,1.06,0:09,-85.43726,31.24982,-85.43003,31.25239
Tuesday,28-8-2018,17:43,1.2,0:05,-85.43013,31.25235,-85.43718,31.25028
Wednesday,29-8-2018,7:31,6.54,0:20,-85.43718,31.25028,-85.46517,31.3144
Wednesday,29-8-2018,10:41,23.89,0:54,-85.46517,31.3144,-85.3771,31.27146
Wednesday,29-8-2018,11:38,0.02,0:05,-85.3771,31.27146,-85.37705,31.27176
Wednesday,29-8-2018,11:44,7.3,0:50,-85.37705,31.27176,-85.46889,31.31515
Wednesday,29-8-2018,13:44,6.9,0:14,-85.46887,31.31516,-85.38096,31.26934
Wednesday,29-8-2018,15:18,5.61,0:27,-85.38096,31.26934,-85.40949,31.22927
Wednesday,29-8-2018,16:08,3.27,0:22,-85.40949,31.22927,-85.4302,31.2525
Wednesday,29-8-2018,17:33,1.2,0:05,-85.42997,31.25218,-85.43714,31.25023
Wednesday,29-8-2018,18:31,0.81,0:03,-85.43714,31.25023,-85.43527,31.23986
Wednesday,29-8-2018,19:32,0.84,0:03,-85.43509,31.23964,-85.43694,31.25014
Thursday,30-8-2018,7:35,5.52,0:12,-85.43694,31.25014,-85.46496,31.31442
Thursday,30-8-2018,10:42,4.19,0:09,-85.46496,31.31442,-85.44378,31.2663
Thursday,30-8-2018,11:35,1.52,0:04,-85.44378,31.2663,-85.43731,31.24983
Thursday,30-8-2018,12:28,5.52,0:12,-85.43731,31.24983,-85.46533,31.31447
Thursday,30-8-2018,13:42,6.68,0:11,-85.46533,31.31447,-85.38097,31.26925
Thursday,30-8-2018,17:46,4.51,0:10,-85.38097,31.26925,-85.43719,31.25026
Friday,31-8-2018,14:07,4.48,0:10,-85.43719,31.25026,-85.38103,31.26923
Friday,31-8-2018,15:41,4.49,0:11,-85.38103,31.26923,-85.43729,31.24982
Friday,31-8-2018,17:16,5.31,1:06,-85.43674,31.24948,-85.40367,31.20677
Friday,31-8-2018,22:15,7.18,0:14,-85.40367,31.20677,-85.38915,31.25539
Friday,31-8-2018,22:30,0.26,0:02,-85.38912,31.25536,-85.39017,31.25254
Friday,31-8-2018,22:33,1.55,0:13,-85.39018,31.25255,-85.38111,31.26915
Friday,31-8-2018,23:07,4.5,0:10,-85.38111,31.26915,-85.43719,31.25028
Monday,3-9-2018,13:46,2.91,0:09,-85.43688,31.24968,-85.45026,31.22753
Monday,3-9-2018,14:51,2.7,0:08,-85.45089,31.2276,-85.43714,31.25027
Monday,3-9-2018,20:31,2.6,0:05,-85.43689,31.24993,-85.45117,31.22814
Monday,3-9-2018,21:40,2.59,0:05,-85.45117,31.22814,-85.43702,31.25021
Tuesday,4-9-2018,7:25,5.51,0:27,-85.43702,31.25021,-85.46465,31.31453
Tuesday,4-9-2018,13:42,5.54,0:13,-85.46465,31.31453,-85.43725,31.24985
Tuesday,4-9-2018,14:13,4.46,0:09,-85.43725,31.24985,-85.38097,31.2696
Tuesday,4-9-2018,15:23,4.44,0:11,-85.38091,31.26988,-85.4373,31.24981
Tuesday,4-9-2018,16:17,1.05,0:12,-85.43705,31.24962,-85.43013,31.25236
Tuesday,4-9-2018,17:31,1.2,0:04,-85.43013,31.25236,-85.42895,31.25277
Tuesday,4-9-2018,17:31,1.2,0:04,-85.43013,31.25236,-85.43716,31.25023
Wednesday,5-9-2018,7:30,5.55,0:23,-85.43716,31.25023,-85.46538,31.3145
Wednesday,5-9-2018,10:43,20.24,1:03,-85.46538,31.3145,-85.43728,31.24988
Wednesday,5-9-2018,12:25,5.53,0:21,-85.43728,31.24988,-85.46521,31.31444
Wednesday,5-9-2018,13:39,6.68,0:27,-85.46515,31.31418,-85.38101,31.26926
Wednesday,5-9-2018,15:18,6.37,0:21,-85.38101,31.26926,-85.43732,31.24988
Wednesday,5-9-2018,16:22,1.06,0:04,-85.43732,31.24988,-85.43016,31.25237
Wednesday,5-9-2018,17:53,2.69,0:07,-85.43016,31.25237,-85.43525,31.23966
Wednesday,5-9-2018,19:37,0.83,0:03,-85.43525,31.23966,-85.43716,31.25022
Thursday,6-9-2018,7:34,5.65,0:20,-85.43707,31.24986,-85.46469,31.31449
Thursday,6-9-2018,10:44,4.17,0:08,-85.46469,31.31449,-85.44379,31.26628
Thursday,6-9-2018,11:31,5.73,0:14,-85.44358,31.26625,-85.43737,31.24982
Thursday,6-9-2018,12:28,5.73,0:12,-85.43692,31.24952,-85.46856,31.31495
Thursday,6-9-2018,13:45,6.86,0:29,-85.46889,31.31464,-85.38104,31.26926
Thursday,6-9-2018,17:52,4.85,0:16,-85.38104,31.26926,-85.43721,31.25031
Friday,7-9-2018,13:47,6.13,0:15,-85.43721,31.25031,-85.52371,31.23822
Friday,7-9-2018,14:57,0.64,0:02,-85.52357,31.23843,-85.52441,31.23735
Friday,7-9-2018,15:01,6.26,0:13,-85.52441,31.23735,-85.43731,31.24983
Friday,7-9-2018,16:28,5.98,0:31,-85.43721,31.24985,-85.37863,31.21439
Friday,7-9-2018,18:04,6.91,0:25,-85.37863,31.21439,-85.44715,31.26806
Friday,7-9-2018,19:22,13.95,0:53,-85.44715,31.268,-85.43715,31.25023
Friday,7-9-2018,20:28,0.75,0:03,-85.43715,31.25023,-85.43205,31.25883
Friday,7-9-2018,20:40,0.76,0:04,-85.43205,31.25883,-85.43718,31.25022
Saturday,8-9-2018,7:29,4.52,0:13,-85.43719,31.25031,-85.38027,31.26806
Saturday,8-9-2018,12:24,4.54,0:08,-85.37963,31.26803,-85.43719,31.25025
Sunday,9-9-2018,18:53,5.79,0:17,-85.43686,31.24966,-85.48779,31.23604
Sunday,9-9-2018,20:39,4.7,0:15,-85.48731,31.23617,-85.43718,31.25032
Monday,10-9-2018,7:28,5.53,0:22,-85.43708,31.2502,-85.4653,31.31441
Monday,10-9-2018,10:43,5.51,0:12,-85.46521,31.31428,-85.43735,31.24993
Monday,10-9-2018,12:33,5.51,0:13,-85.43735,31.24993,-85.46468,31.31449
Monday,10-9-2018,13:45,8.69,0:16,-85.46468,31.31449,-85.38105,31.26966
Monday,10-9-2018,14:01,0.16,0:00,-85.38105,31.26966,-85.38053,31.26749
Monday,10-9-2018,14:07,0.18,0:01,-85.38053,31.26749,-85.38093,31.26931
Monday,10-9-2018,15:17,0.35,0:06,-85.38079,31.26932,-85.37725,31.27154
Monday,10-9-2018,15:26,0.55,0:02,-85.37725,31.27154,-85.38025,31.26742
Monday,10-9-2018,15:33,0.32,0:05,-85.38005,31.26732,-85.38094,31.26948
Monday,10-9-2018,17:48,4.47,0:08,-85.38073,31.26924,-85.43729,31.24988
Monday,10-9-2018,18:23,5.98,0:20,-85.43729,31.24988,-85.43717,31.25031
Tuesday,11-9-2018,7:16,10.52,0:30,-85.43722,31.25028,-85.46515,31.31445
Tuesday,11-9-2018,10:44,4.19,0:12,-85.46515,31.31445,-85.44382,31.26627
Tuesday,11-9-2018,11:01,1.51,0:03,-85.44382,31.26627,-85.43726,31.24985
Tuesday,11-9-2018,12:27,5.72,0:11,-85.43677,31.24947,-85.46857,31.31481
Tuesday,11-9-2018,13:44,6.94,0:11,-85.46857,31.31481,-85.38048,31.26739
Tuesday,11-9-2018,14:01,0.17,0:01,-85.38044,31.26737,-85.38097,31.26929
Tuesday,11-9-2018,17:57,4.5,0:08,-85.38097,31.26929,-85.43721,31.25028
Wednesday,12-9-2018,7:36,5.51,0:14,-85.43711,31.2502,-85.46478,31.31458
Wednesday,12-9-2018,10:58,5.48,0:13,-85.46478,31.31458,-85.43723,31.24983
Wednesday,12-9-2018,12:33,5.84,0:12,-85.43755,31.24962,-85.46869,31.31487
Wednesday,12-9-2018,13:43,6.95,0:44,-85.46856,31.31395,-85.38089,31.26943
Wednesday,12-9-2018,15:17,5.88,0:14,-85.38086,31.26943,-85.43388,31.2288
Wednesday,12-9-2018,15:34,0.1,0:01,-85.43414,31.22891,-85.43407,31.22986
Wednesday,12-9-2018,15:38,1.44,0:03,-85.4343,31.22995,-85.43717,31.25022
Wednesday,12-9-2018,17:40,0.8,0:03,-85.43717,31.25022,-85.43525,31.23967
Wednesday,12-9-2018,19:31,0.83,0:03,-85.43518,31.23976,-85.43695,31.25031
Thursday,13-9-2018,7:31,5.54,0:18,-85.43719,31.25024,-85.46528,31.31448
Thursday,13-9-2018,10:45,5.52,0:11,-85.46528,31.31448,-85.43732,31.2499
Thursday,13-9-2018,12:32,5.82,0:13,-85.43715,31.24976,-85.4684,31.31501
Thursday,13-9-2018,14:05,6.85,0:14,-85.4684,31.31501,-85.38101,31.26972
Thursday,13-9-2018,15:13,4.44,0:50,-85.38096,31.26972,-85.43727,31.24986
Thursday,13-9-2018,17:14,4.88,0:17,-85.43688,31.24985,-85.40373,31.20675
Thursday,13-9-2018,21:52,8.37,0:18,-85.40364,31.20674,-85.38113,31.26916
Thursday,13-9-2018,22:27,4.5,0:07,-85.38114,31.26913,-85.43716,31.25019
Friday,14-9-2018,14:15,4.47,0:09,-85.43683,31.24995,-85.38104,31.26931
Friday,14-9-2018,15:17,4.5,1:08,-85.38104,31.26931,-85.43715,31.25029
Sunday,16-9-2018,11:23,6.15,0:24,-85.43657,31.23997,-85.49573,31.23265
Sunday,16-9-2018,13:45,4.91,0:12,-85.4955,31.23389,-85.43715,31.25028
Sunday,16-9-2018,19:56,4.64,0:10,-85.43652,31.2505,-85.48772,31.23607
Sunday,16-9-2018,21:19,4.7,0:09,-85.48781,31.23631,-85.43717,31.25027
Monday,17-9-2018,7:32,5.55,0:19,-85.43651,31.25043,-85.4654,31.31447
Monday,17-9-2018,10:48,24.12,1:09,-85.46501,31.31428,-85.46887,31.31494
Monday,17-9-2018,13:45,6.88,0:13,-85.46853,31.31536,-85.38105,31.26939
Monday,17-9-2018,17:52,4.5,0:09,-85.38062,31.26948,-85.43717,31.25025
Tuesday,18-9-2018,7:33,5.52,0:16,-85.43734,31.25037,-85.46492,31.31439
Tuesday,18-9-2018,11:10,5.5,0:11,-85.46456,31.31417,-85.43734,31.2499
Tuesday,18-9-2018,12:21,5.72,0:15,-85.43749,31.25,-85.46848,31.31478
Tuesday,18-9-2018,13:41,6.85,0:11,-85.46828,31.31516,-85.38105,31.26931
Tuesday,18-9-2018,17:56,4.5,0:09,-85.38096,31.26964,-85.43718,31.25029
Wednesday,19-9-2018,7:33,5.55,0:19,-85.43687,31.24996,-85.46537,31.31445
Wednesday,19-9-2018,10:39,5.52,0:12,-85.46537,31.31445,-85.43733,31.24991
Wednesday,19-9-2018,12:30,6.02,0:13,-85.43757,31.24994,-85.46886,31.31464
Wednesday,19-9-2018,13:44,5.7,0:12,-85.46886,31.31464,-85.43725,31.24983
Wednesday,19-9-2018,14:51,2.99,0:08,-85.43741,31.24955,-85.45526,31.23716
Wednesday,19-9-2018,15:47,4.11,0:14,-85.45526,31.23716,-85.44492,31.20597
Wednesday,19-9-2018,16:39,3.79,0:09,-85.44474,31.2061,-85.43731,31.24982
Wednesday,19-9-2018,17:32,0.79,0:05,-85.43731,31.24982,-85.43622,31.24432
Wednesday,19-9-2018,19:28,0.83,0:03,-85.47981,31.11813,-85.47981,31.11813
Thursday,20-9-2018,7:35,5.52,0:14,-85.47981,31.11813,-85.4649,31.31438
Thursday,20-9-2018,10:45,4.19,0:12,-85.4649,31.31438,-85.44378,31.26629
Thursday,20-9-2018,11:23,1.52,0:04,-85.44368,31.26625,-85.43726,31.24987
Thursday,20-9-2018,12:28,5.71,0:11,-85.43726,31.24987,-85.4685,31.3147
Thursday,20-9-2018,13:42,6.93,0:10,-85.4683,31.31514,-85.38049,31.26746
Thursday,20-9-2018,13:55,0.17,0:25,-85.38049,31.26746,-85.38103,31.26926
Thursday,20-9-2018,17:51,4.5,0:10,-85.38103,31.26926,-85.43719,31.25028
Friday,21-9-2018,10:41,2.56,0:05,-85.18857,31.44616,-85.45121,31.22793
Friday,21-9-2018,11:05,6.89,0:23,-85.45121,31.22793,-85.37714,31.27146
Friday,21-9-2018,11:32,0.6,0:02,-85.37714,31.27146,-85.38105,31.26929
Friday,21-9-2018,15:17,9.5,0:44,-85.38105,31.26929,-85.43716,31.25029
Friday,21-9-2018,17:18,4.9,0:14,-85.43658,31.25008,-85.40337,31.20644
Friday,21-9-2018,22:09,8.29,0:15,-85.40335,31.20644,-85.38101,31.26916
Friday,21-9-2018,22:42,4.49,0:08,-85.38101,31.26916,-85.43717,31.25023
Sunday,23-9-2018,8:58,1,0:03,-85.43679,31.24978,-85.43668,31.23998
Sunday,23-9-2018,11:34,2.39,0:11,-85.43676,31.23998,-85.43676,31.23998
Sunday,23-9-2018,16:04,0.91,0:04,-85.43725,31.25054,-85.4368,31.24
Sunday,23-9-2018,19:18,2.78,0:10,-85.43684,31.23983,-85.44701,31.26831
Sunday,23-9-2018,19:49,5.89,0:12,-85.44701,31.26831,-85.48775,31.23602
Sunday,23-9-2018,21:19,4.71,0:11,-85.48747,31.23603,-85.43716,31.25029
Monday,24-9-2018,7:34,5.53,0:15,-85.43716,31.25029,-85.4653,31.31446
Monday,24-9-2018,10:41,5.52,0:11,-85.4652,31.31432,-85.43732,31.24988
Monday,24-9-2018,12:24,7.24,0:20,-85.4375,31.25002,-85.46866,31.31475
Monday,24-9-2018,13:40,6.86,0:11,-85.46866,31.31475,-85.38103,31.26932
Monday,24-9-2018,17:56,4.5,0:09,-85.3809,31.26921,-85.43721,31.25029
Tuesday,25-9-2018,7:34,5.55,0:17,-85.43713,31.25028,-85.46515,31.31465
Tuesday,25-9-2018,10:42,5.54,0:16,-85.46515,31.31465,-85.43747,31.24994
Tuesday,25-9-2018,12:27,5.71,0:16,-85.43747,31.24994,-85.46842,31.31473
Tuesday,25-9-2018,13:42,6.93,0:11,-85.46842,31.31473,-85.3802,31.2674
Tuesday,25-9-2018,13:58,0.15,0:01,-85.38031,31.26775,-85.3809,31.26927
Tuesday,25-9-2018,17:53,4.17,0:10,-85.38098,31.26924,-85.43442,31.25769
Tuesday,25-9-2018,18:09,0.66,0:02,-85.43442,31.25769,-85.43718,31.2502
Wednesday,26-9-2018,8:15,5.72,0:10,-85.43653,31.24977,-85.46873,31.31478
Wednesday,26-9-2018,10:26,7.77,0:20,-85.46873,31.31478,-85.43736,31.2499
Wednesday,26-9-2018,12:30,5.69,0:14,-85.4373,31.24971,-85.4687,31.31473
Wednesday,26-9-2018,13:44,6.84,0:11,-85.46827,31.31479,-85.38092,31.26929
Wednesday,26-9-2018,15:23,4.46,0:11,-85.38039,31.26944,-85.43723,31.24988
Wednesday,26-9-2018,15:39,2.08,0:10,-85.4374,31.24971,-85.42511,31.22809
Wednesday,26-9-2018,16:37,2.06,0:07,-85.42468,31.22821,-85.43725,31.24983
Thursday,27-9-2018,7:17,2.55,0:06,-85.43684,31.24964,-85.45122,31.22794
Thursday,27-9-2018,7:27,7.96,0:29,-85.4511,31.22795,-85.46497,31.31443
Thursday,27-9-2018,10:38,5.48,0:21,-85.46497,31.31443,-85.43728,31.24987
Thursday,27-9-2018,12:23,5.7,0:19,-85.43771,31.25002,-85.46845,31.31485
Thursday,27-9-2018,13:43,6.85,0:33,-85.4682,31.31543,-85.38106,31.2693
Thursday,27-9-2018,17:58,4.49,0:10,-85.38106,31.2693,-85.43721,31.25032
Friday,28-9-2018,14:20,4.51,0:15,-85.43721,31.25032,-85.38089,31.26905
Friday,28-9-2018,15:20,4.45,0:17,-85.38081,31.26907,-85.43726,31.24986
Friday,28-9-2018,17:27,4.95,0:14,-85.43726,31.24986,-85.40373,31.20679
Friday,28-9-2018,21:41,5.13,0:15,-85.40373,31.20679,-85.43718,31.25028
Saturday,29-9-2018,17:48,10.68,0:24,-85.43689,31.25025,-85.455,31.12291
Saturday,29-9-2018,21:58,14.42,0:43,-85.455,31.12291,-85.38279,31.26946
Saturday,29-9-2018,23:03,4.59,0:09,-85.38279,31.26946,-85.43716,31.25021
Sunday,30-9-2018,9:02,0.98,0:02,-85.43716,31.25021,-85.43623,31.23947
Sunday,30-9-2018,11:31,0.94,0:03,-85.43696,31.23984,-85.43712,31.2501
Sunday,30-9-2018,15:03,0.87,0:03,-85.43712,31.2501,-85.43584,31.23956
Sunday,30-9-2018,16:46,1.68,0:10,-85.43531,31.23947,-85.43597,31.23961
Sunday,30-9-2018,18:17,0.86,0:04,-85.43566,31.23985,-85.43718,31.25029
Sunday,30-9-2018,18:42,2.09,0:08,-85.43718,31.25029,-85.42217,31.23952
Sunday,30-9-2018,18:53,2.31,0:07,-85.42217,31.23952,-85.43192,31.21598
Sunday,30-9-2018,20:02,3.12,0:07,-85.43181,31.21603,-85.42843,31.24825
Sunday,30-9-2018,20:16,1.87,0:07,-85.42843,31.24825,-85.42215,31.23947
Sunday,30-9-2018,21:29,1.6,0:06,-85.42212,31.23971,-85.43446,31.25592
Sunday,30-9-2018,21:39,0.51,0:01,-85.43446,31.25565,-85.43718,31.25026
Monday,1-10-2018,7:43,5.5,0:14,-85.43718,31.25026,-85.46495,31.31442
Monday,1-10-2018,10:44,4.16,0:10,-85.46447,31.31414,-85.4436,31.26624
Monday,1-10-2018,11:21,1.56,0:05,-85.4436,31.26624,-85.43732,31.24989
Monday,1-10-2018,12:40,5.81,0:11,-85.43732,31.24989,-85.46888,31.31508
Monday,1-10-2018,13:47,6.88,0:29,-85.46885,31.31532,-85.38104,31.26932
Monday,1-10-2018,17:53,4.5,0:10,-85.38104,31.26937,-85.43718,31.25029
Tuesday,2-10-2018,7:34,5.5,0:22,-85.43673,31.24975,-85.46489,31.3144
Tuesday,2-10-2018,10:40,5.49,0:16,-85.46423,31.31456,-85.43732,31.2499
Tuesday,2-10-2018,12:30,5.7,0:13,-85.43732,31.2499,-85.46855,31.31466
Tuesday,2-10-2018,13:44,6.83,0:14,-85.46837,31.31469,-85.38096,31.26949
Tuesday,2-10-2018,17:53,4.47,0:08,-85.3809,31.26961,-85.43721,31.25025
Wednesday,3-10-2018,7:34,5.52,0:21,-85.43721,31.25025,-85.46535,31.31445
Wednesday,3-10-2018,10:53,5.51,0:16,-85.46536,31.31444,-85.43734,31.24992
Wednesday,3-10-2018,12:32,5.82,0:14,-85.43702,31.25017,-85.46882,31.31493
Wednesday,3-10-2018,13:42,6.86,0:45,-85.46877,31.31513,-85.38106,31.26929
Wednesday,3-10-2018,15:18,4.82,0:13,-85.38102,31.26934,-85.4372,31.25026
Wednesday,3-10-2018,17:18,0.99,0:03,-85.43662,31.25035,-85.43594,31.24007
Wednesday,3-10-2018,19:34,0.94,0:03,-85.43652,31.2403,-85.43717,31.25024
Thursday,4-10-2018,7:40,5.55,0:14,-85.43678,31.25005,-85.46457,31.3146
Thursday,4-10-2018,10:44,5.47,0:10,-85.46457,31.3146,-85.43728,31.24986
Thursday,4-10-2018,12:31,5.69,0:15,-85.43717,31.25081,-85.46851,31.31465
Thursday,4-10-2018,13:44,6.84,0:15,-85.46823,31.31459,-85.38102,31.2693
Thursday,4-10-2018,17:50,4.47,0:08,-85.38102,31.2693,-85.4373,31.24986
Thursday,4-10-2018,18:00,2.06,0:06,-85.4373,31.24986,-85.43721,31.25028
Friday,5-10-2018,10:25,2.55,0:06,-85.43721,31.25028,-85.45125,31.2279
Friday,5-10-2018,11:01,2.58,0:13,-85.45125,31.2279,-85.43717,31.25023
Sunday,7-10-2018,9:00,0.99,0:03,-85.43652,31.24977,-85.43661,31.24008
Sunday,7-10-2018,11:42,0.94,0:04,-85.43661,31.24008,-85.43715,31.25026
Sunday,7-10-2018,13:54,2.22,0:10,-85.43707,31.24999,-85.43443,31.2559
Sunday,7-10-2018,14:07,0.51,0:02,-85.43443,31.2559,-85.43721,31.2503
Sunday,7-10-2018,16:30,2.82,0:09,-85.43721,31.2503,-85.43719,31.25026
Sunday,7-10-2018,17:35,0.8,0:02,-85.43719,31.25026,-85.43505,31.23975
Sunday,7-10-2018,19:09,0.83,0:03,-85.4345,31.2396,-85.43722,31.25021
Monday,8-10-2018,7:31,5.51,0:18,-85.43676,31.25008,-85.46493,31.31444
Monday,8-10-2018,9:23,5.52,0:14,-85.46493,31.31444,-85.43732,31.24988
Monday,8-10-2018,12:37,5.52,0:11,-85.43746,31.24957,-85.46528,31.31442
Monday,8-10-2018,13:45,5.99,0:09,-85.46463,31.31389,-85.43188,31.259
Monday,8-10-2018,13:57,3.82,0:26,-85.43188,31.259,-85.38104,31.26929
Monday,8-10-2018,18:06,4.48,0:08,-85.38087,31.26929,-85.4372,31.25026
Tuesday,9-10-2018,7:38,5.81,0:11,-85.4372,31.25026,-85.46498,31.31592
Tuesday,9-10-2018,10:44,5.62,0:10,-85.46479,31.31625,-85.43732,31.24991
Tuesday,9-10-2018,13:11,1.38,0:07,-85.43732,31.24991,-85.4427,31.26454
Tuesday,9-10-2018,13:24,0.5,0:03,-85.4427,31.26454,-85.447,31.26824
Tuesday,9-10-2018,14:21,4.23,0:19,-85.44683,31.26806,-85.45111,31.2279
Tuesday,9-10-2018,15:28,5.7,0:09,-85.45093,31.22768,-85.45074,31.23261
Tuesday,9-10-2018,15:40,1.06,0:04,-85.45074,31.23261,-85.43514,31.22886
Tuesday,9-10-2018,15:49,1.56,0:04,-85.43514,31.22886,-85.43726,31.24987
Tuesday,9-10-2018,16:11,3.38,0:10,-85.43726,31.24987,-85.43729,31.24988
Tuesday,9-10-2018,16:45,3.74,0:59,-85.43679,31.24962,-85.43733,31.24989
Tuesday,9-10-2018,17:48,0.11,0:02,-85.43733,31.24989,-85.43664,31.25045
Thursday,11-10-2018,11:40,0.07,0:02,-85.43692,31.25011,-85.43721,31.25026
Friday,12-10-2018,16:56,1.56,0:09,-85.43674,31.24958,-85.42915,31.24547
Friday,12-10-2018,18:28,0.4,0:04,-85.42894,31.24544,-85.4233,31.24627
Friday,12-10-2018,18:55,1.94,0:09,-85.42318,31.24623,-85.44476,31.2662
Friday,12-10-2018,19:45,6.11,0:16,-85.44476,31.2662,-85.48773,31.23607
Friday,12-10-2018,21:06,4.69,0:11,-85.48773,31.23607,-85.43718,31.25025
Saturday,13-10-2018,10:18,1.08,0:06,-85.43702,31.25019,-85.4269,31.2544
Saturday,13-10-2018,11:12,3.69,0:13,-85.4269,31.2544,-85.385,31.25156
Saturday,13-10-2018,11:40,3.91,0:11,-85.385,31.25156,-85.43718,31.25028
Saturday,13-10-2018,13:49,8.69,0:17,-85.43699,31.25015,-85.43728,31.24988
Saturday,13-10-2018,14:47,4.43,0:09,-85.43728,31.24988,-85.38096,31.26979
Saturday,13-10-2018,15:42,4.44,0:07,-85.38096,31.26979,-85.43728,31.24991
Saturday,13-10-2018,17:10,4.83,0:21,-85.43716,31.24971,-85.40367,31.20672
Saturday,13-10-2018,22:00,8.84,0:21,-85.40367,31.20672,-85.38278,31.26951
Saturday,13-10-2018,22:45,4.6,0:10,-85.38278,31.26951,-85.43719,31.25028
Sunday,14-10-2018,8:59,0.99,0:03,-85.43704,31.25016,-85.4368,31.24001
Sunday,14-10-2018,11:35,2.68,0:28,-85.4368,31.24001,-85.43715,31.25028
Monday,15-10-2018,7:32,5.53,0:12,-85.43661,31.24973,-85.46536,31.31447
Monday,15-10-2018,10:46,10.52,0:30,-85.46536,31.31447,-85.4373,31.2499
Monday,15-10-2018,12:23,5.68,0:14,-85.43733,31.25032,-85.46521,31.31444
Monday,15-10-2018,14:18,5.52,0:14,-85.46447,31.31385,-85.43718,31.25024
Monday,15-10-2018,14:38,1.72,0:08,-85.43718,31.25024,-85.42127,31.23484
Monday,15-10-2018,15:28,3.65,0:13,-85.42157,31.23501,-85.44751,31.26894
Monday,15-10-2018,16:06,1.77,0:06,-85.44729,31.26885,-85.43729,31.24989
Monday,15-10-2018,16:14,1.73,0:07,-85.43729,31.24989,-85.42127,31.23482
Monday,15-10-2018,17:52,2.26,0:11,-85.42127,31.23482,-85.45102,31.228
Monday,15-10-2018,18:18,2.57,0:09,-85.45102,31.228,-85.4372,31.25026
Monday,15-10-2018,20:51,1.85,0:27,-85.43623,31.25067,-85.44702,31.26857
Monday,15-10-2018,22:18,1.77,0:03,-85.44702,31.26857,-85.43715,31.25022
Tuesday,16-10-2018,7:29,5.52,0:12,-85.43679,31.24983,-85.46526,31.31444
Tuesday,16-10-2018,10:42,5.49,0:23,-85.46509,31.31426,-85.43733,31.24978
Tuesday,16-10-2018,12:23,5.51,0:15,-85.43733,31.24978,-85.46522,31.31443
Tuesday,16-10-2018,13:41,5.49,0:16,-85.46476,31.31408,-85.43723,31.24986
Tuesday,16-10-2018,15:05,1.73,0:12,-85.43723,31.24986,-85.42128,31.23482
Tuesday,16-10-2018,17:25,0.01,0:00,-85.42128,31.23482,-85.42059,31.23485
Tuesday,16-10-2018,17:31,1.74,0:06,-85.42108,31.23472,-85.4372,31.25017
Tuesday,16-10-2018,17:43,0.01,0:00,-85.4372,31.25017,-85.43719,31.25028
Wednesday,17-10-2018,7:34,5.53,0:14,-85.43719,31.25028,-85.4653,31.31451
Wednesday,17-10-2018,10:39,5.5,0:14,-85.46529,31.31451,-85.43738,31.24984
Wednesday,17-10-2018,12:22,5.53,0:16,-85.43719,31.25013,-85.46539,31.31445
Wednesday,17-10-2018,13:50,1.36,0:25,-85.4653,31.31446,-85.44761,31.30485
Wednesday,17-10-2018,14:18,5.8,0:15,-85.44761,31.30485,-85.42127,31.23481
Wednesday,17-10-2018,17:19,4.42,0:13,-85.42127,31.23481,-85.458,31.27791
Wednesday,17-10-2018,17:34,2.6,0:07,-85.458,31.27791,-85.4373,31.2499
Wednesday,17-10-2018,18:29,0.8,0:03,-85.43744,31.24977,-85.4353,31.23969
Wednesday,17-10-2018,19:39,2.45,0:15,-85.4352,31.23953,-85.43714,31.25026
Thursday,18-10-2018,12:25,5.51,0:11,-85.43659,31.24975,-85.46518,31.31444
Thursday,18-10-2018,13:45,7.23,0:33,-85.46518,31.31436,-85.43392,31.22878
Thursday,18-10-2018,14:21,1.51,0:04,-85.43392,31.22878,-85.43717,31.25018
Thursday,18-10-2018,16:48,2.06,0:08,-85.43717,31.25018,-85.42218,31.23951
Thursday,18-10-2018,17:19,3.3,0:17,-85.42218,31.23951,-85.38863,31.22417
Thursday,18-10-2018,18:41,0.55,0:06,-85.38863,31.22417,-85.39342,31.22084
Thursday,18-10-2018,20:08,2.74,0:10,-85.39329,31.22093,-85.42217,31.23949
Thursday,18-10-2018,21:55,2.11,0:07,-85.42196,31.2394,-85.43686,31.24999
Friday,19-10-2018,9:55,2.4,0:09,-85.43716,31.25024,-85.42984,31.22667
Friday,19-10-2018,11:18,2.39,0:08,-85.4288,31.22675,-85.43718,31.25022
Friday,19-10-2018,11:38,2.39,0:08,-85.43679,31.2497,-85.42982,31.2267
Friday,19-10-2018,12:29,2.34,0:08,-85.42951,31.22684,-85.43715,31.25018
Sunday,21-10-2018,9:00,0.98,0:02,-85.43686,31.24786,-85.43678,31.24001
Sunday,21-10-2018,11:27,2.46,0:12,-85.43678,31.24001,-85.43713,31.25025
Sunday,21-10-2018,12:11,3.77,0:11,-85.43722,31.25034,-85.44245,31.20748
Sunday,21-10-2018,12:25,3.37,0:08,-85.44245,31.20748,-85.43717,31.25028
Sunday,21-10-2018,13:26,1.91,0:08,-85.43695,31.25021,-85.43712,31.25019
Sunday,21-10-2018,14:05,2.06,0:09,-85.43712,31.25019,-85.42216,31.23961
Sunday,21-10-2018,14:19,2.56,0:13,-85.4222,31.23945,-85.44669,31.26682
Sunday,21-10-2018,14:52,2.04,0:09,-85.44669,31.26682,-85.42577,31.25321
Sunday,21-10-2018,15:23,2.13,0:11,-85.42577,31.25321,-85.4475,31.26893
Sunday,21-10-2018,15:52,0.19,0:02,-85.44753,31.26896,-85.44683,31.26694
Sunday,21-10-2018,16:06,1.88,0:06,-85.44693,31.26726,-85.43718,31.25017
Sunday,21-10-2018,17:13,0.8,0:03,-85.43686,31.25015,-85.43514,31.23979
Sunday,21-10-2018,18:39,0.81,0:03,-85.43512,31.23963,-85.4373,31.24989
Sunday,21-10-2018,18:44,2.07,0:06,-85.4373,31.24989,-85.4222,31.23958
Sunday,21-10-2018,19:33,2.11,0:08,-85.4222,31.23958,-85.43718,31.25028
Monday,22-10-2018,7:26,5.54,0:14,-85.43684,31.25032,-85.46533,31.31447
Monday,22-10-2018,11:02,5.51,0:13,-85.46533,31.31447,-85.4373,31.2499
Monday,22-10-2018,12:22,5.52,0:14,-85.43714,31.2498,-85.46537,31.31445
Monday,22-10-2018,13:42,5.5,0:12,-85.46466,31.31405,-85.4373,31.24985
Monday,22-10-2018,13:58,4.44,0:18,-85.4373,31.24985,-85.38091,31.26924
Monday,22-10-2018,17:56,4.49,0:09,-85.38091,31.26924,-85.4372,31.25027
Tuesday,23-10-2018,7:34,5.52,0:12,-85.43687,31.24984,-85.46529,31.31447
Tuesday,23-10-2018,10:42,5.5,0:12,-85.46529,31.31447,-85.43722,31.24987
Tuesday,23-10-2018,12:22,5.58,0:13,-85.43714,31.24981,-85.46538,31.31446
Tuesday,23-10-2018,13:43,6.66,0:43,-85.46538,31.31446,-85.38103,31.26928
Tuesday,23-10-2018,15:38,4.5,0:08,-85.38079,31.26916,-85.43685,31.2501
Wednesday,24-10-2018,7:36,5.53,0:12,-85.43685,31.2501,-85.46527,31.31446
Wednesday,24-10-2018,11:14,5.51,0:13,-85.46527,31.31446,-85.43731,31.24988
Wednesday,24-10-2018,12:22,5.54,0:15,-85.43731,31.24991,-85.46533,31.31453
Wednesday,24-10-2018,13:44,6.67,0:26,-85.46533,31.31453,-85.38104,31.26936
Wednesday,24-10-2018,15:15,4.49,0:08,-85.3807,31.26937,-85.43715,31.25026
Wednesday,24-10-2018,17:45,0.79,0:02,-85.4366,31.24962,-85.4348,31.23969
Wednesday,24-10-2018,19:28,0.83,0:03,-85.43529,31.2395,-85.43695,31.25034
Thursday,25-10-2018,7:35,5.6,0:16,-85.43715,31.25031,-85.4649,31.31457
Thursday,25-10-2018,10:43,5.53,0:10,-85.46497,31.31448,-85.43721,31.25022
Thursday,25-10-2018,12:22,5.53,0:12,-85.43721,31.25022,-85.4654,31.31447
Thursday,25-10-2018,14:14,6.67,0:11,-85.46407,31.3143,-85.38103,31.26931
Thursday,25-10-2018,17:49,4.5,0:10,-85.38091,31.26967,-85.43716,31.25027
Thursday,25-10-2018,19:04,3.17,0:10,-85.43726,31.25031,-85.42219,31.23956
Thursday,25-10-2018,19:16,1.78,0:08,-85.42219,31.23956,-85.42929,31.25102
Thursday,25-10-2018,21:51,3.23,0:14,-85.42863,31.24999,-85.43718,31.25028
Friday,26-10-2018,7:19,9.08,0:24,-85.43718,31.25028,-85.43718,31.25028
Friday,26-10-2018,14:09,4.56,0:09,-85.43718,31.25028,-85.38275,31.26959
Friday,26-10-2018,15:14,0.54,0:02,-85.38099,31.26985,-85.37699,31.27155
Friday,26-10-2018,15:18,4.35,0:08,-85.37699,31.27155,-85.43717,31.25028
Friday,26-10-2018,15:27,1.51,0:04,-85.43717,31.25028,-85.43395,31.2288
Friday,26-10-2018,15:35,0.1,0:01,-85.43396,31.22884,-85.43408,31.22986
Friday,26-10-2018,15:40,1.43,0:05,-85.43408,31.22986,-85.43719,31.25028
Friday,26-10-2018,18:07,2.06,0:07,-85.43622,31.24937,-85.42219,31.23955
Friday,26-10-2018,18:20,3.91,0:09,-85.42219,31.23955,-85.38997,31.21201
Friday,26-10-2018,20:07,5.55,0:20,-85.38957,31.21227,-85.42219,31.23957
Friday,26-10-2018,22:44,2.82,0:08,-85.42175,31.23976,-85.45341,31.23386
Friday,26-10-2018,22:54,2.22,0:06,-85.45341,31.23386,-85.43717,31.25026
Saturday,27-10-2018,8:17,4.44,0:14,-85.43717,31.25026,-85.38104,31.26966
Saturday,27-10-2018,11:44,10.95,0:36,-85.38104,31.26966,-85.38105,31.26964
Sunday,28-10-2018,1:29,4.48,0:09,-85.38105,31.26964,-85.43716,31.25029
Sunday,28-10-2018,8:57,0.99,0:03,-85.43684,31.24982,-85.43678,31.24001
Sunday,28-10-2018,11:28,0.93,0:04,-85.43678,31.24001,-85.43717,31.25027
Sunday,28-10-2018,11:34,1.65,0:08,-85.43717,31.25027,-85.42737,31.24571
Sunday,28-10-2018,12:32,1.67,0:06,-85.42729,31.24579,-85.43715,31.2502
Sunday,28-10-2018,16:35,2.06,0:06,-85.43718,31.2503,-85.42218,31.23959
Sunday,28-10-2018,16:47,0.34,0:01,-85.42218,31.23959,-85.41821,31.24017
Sunday,28-10-2018,17:47,0.35,0:02,-85.41821,31.24017,-85.42219,31.23957
Sunday,28-10-2018,17:56,1.71,0:07,-85.42223,31.23953,-85.43581,31.25871
Sunday,28-10-2018,18:31,3.92,0:12,-85.43581,31.25871,-85.40917,31.22714
Sunday,28-10-2018,18:47,1.86,0:06,-85.40917,31.22714,-85.42215,31.23957
Sunday,28-10-2018,21:06,2.1,0:06,-85.42215,31.23957,-85.43717,31.25024
Monday,29-10-2018,7:37,5.55,0:12,-85.43717,31.25024,-85.46532,31.31466
Monday,29-10-2018,10:42,5.52,0:11,-85.46532,31.31466,-85.4373,31.24989
Monday,29-10-2018,12:20,5.53,0:11,-85.4373,31.24989,-85.46528,31.31443
Monday,29-10-2018,13:44,7.82,0:12,-85.46528,31.31443,-85.38926,31.25546
Monday,29-10-2018,14:00,3.25,0:05,-85.38928,31.25515,-85.36127,31.29463
Monday,29-10-2018,14:07,2.43,0:07,-85.36127,31.29463,-85.38285,31.26955
Monday,29-10-2018,15:17,7.92,0:22,-85.38262,31.26983,-85.39229,31.22476
Monday,29-10-2018,16:07,2.34,0:09,-85.39236,31.22513,-85.42127,31.23485
Monday,29-10-2018,19:06,1.74,0:05,-85.42127,31.23485,-85.43721,31.25027
Tuesday,30-10-2018,7:33,5.55,0:15,-85.43721,31.25027,-85.46532,31.31468
Tuesday,30-10-2018,10:41,5.53,0:12,-85.46532,31.31468,-85.43726,31.24985
Tuesday,30-10-2018,12:22,5.73,0:15,-85.43707,31.24957,-85.46855,31.31472
Tuesday,30-10-2018,13:43,6.85,0:12,-85.46834,31.31484,-85.38099,31.26938
Tuesday,30-10-2018,16:51,4.48,0:10,-85.38099,31.26938,-85.43718,31.25026
Wednesday,31-10-2018,7:40,5.53,0:14,-85.43718,31.25026,-85.46529,31.31445
Wednesday,31-10-2018,10:33,6.67,0:11,-85.46489,31.31467,-85.38083,31.26974
Wednesday,31-10-2018,11:52,7.54,0:13,-85.3807,31.26977,-85.46523,31.31448
Wednesday,31-10-2018,13:40,11.65,0:42,-85.46525,31.31457,-85.36487,31.21613
Wednesday,31-10-2018,14:25,0.45,0:04,-85.36487,31.21613,-85.36217,31.21492
Wednesday,31-10-2018,15:02,6.13,0:20,-85.36217,31.21492,-85.43719,31.25028
Wednesday,31-10-2018,18:21,0.8,0:02,-85.43721,31.25024,-85.43523,31.23973
Wednesday,31-10-2018,19:41,2.88,0:08,-85.43523,31.23973,-85.42219,31.23949
Wednesday,31-10-2018,19:52,2.08,0:09,-85.42219,31.23949,-85.43717,31.24982
Wednesday,31-10-2018,21:48,4.21,0:13,-85.43719,31.24981,-85.43713,31.25022
Thursday,1-11-2018,7:40,5.51,0:11,-85.43713,31.25022,-85.46494,31.3144
Thursday,1-11-2018,10:44,5.49,0:11,-85.46494,31.3144,-85.4373,31.24988
Thursday,1-11-2018,12:17,5.55,0:15,-85.4373,31.24988,-85.46526,31.31456
Thursday,1-11-2018,13:28,5.55,0:12,-85.46521,31.31473,-85.43717,31.25026
Friday,2-11-2018,14:15,4.56,0:10,-85.43693,31.25003,-85.38276,31.26962
Friday,2-11-2018,15:24,4.58,0:12,-85.38261,31.26964,-85.43716,31.24989
Friday,2-11-2018,17:15,4.89,0:24,-85.43678,31.2496,-85.40369,31.20678
Friday,2-11-2018,22:04,8.35,0:15,-85.40369,31.20678,-85.38105,31.2693
Friday,2-11-2018,22:38,4.49,0:08,-85.38105,31.2693,-85.4372,31.25024
Saturday,3-11-2018,8:58,3.22,0:11,-85.4372,31.25024,-85.43719,31.25026
Saturday,3-11-2018,15:47,1.61,0:05,-85.43713,31.25044,-85.42182,31.24002
Saturday,3-11-2018,21:50,2.11,0:08,-85.42218,31.23946,-85.43716,31.25029
Sunday,4-11-2018,9:00,0.99,0:02,-85.43716,31.25029,-85.43679,31.24002
Sunday,4-11-2018,11:23,1.17,0:07,-85.43682,31.24009,-85.42596,31.24697
Sunday,4-11-2018,11:37,1.14,0:21,-85.42599,31.24701,-85.43439,31.25592
Sunday,4-11-2018,12:01,0.52,0:01,-85.43455,31.25572,-85.43719,31.25026
Monday,5-11-2018,7:29,5.55,0:12,-85.43722,31.25043,-85.46537,31.31443
Monday,5-11-2018,10:42,5.51,0:12,-85.46546,31.31425,-85.43735,31.24987
Monday,5-11-2018,12:23,5.57,0:14,-85.43731,31.2499,-85.46516,31.31477
Monday,5-11-2018,13:43,6.8,0:44,-85.46488,31.31448,-85.38276,31.26958
Monday,5-11-2018,15:11,7.36,0:20,-85.38276,31.26958,-85.47234,31.25965
Monday,5-11-2018,15:41,4.29,0:10,-85.47234,31.25965,-85.43714,31.2502
Monday,5-11-2018,16:55,2.18,0:13,-85.43676,31.24979,-85.43705,31.25025
Monday,5-11-2018,18:30,3.54,0:14,-85.43705,31.25025,-85.43718,31.25026
Tuesday,6-11-2018,7:26,5.55,0:09,-85.4372,31.25034,-85.46533,31.31461
Tuesday,6-11-2018,10:42,5.52,0:13,-85.46543,31.31457,-85.43731,31.24987
Tuesday,6-11-2018,12:21,5.57,0:11,-85.43731,31.24987,-85.4649,31.31462
Tuesday,6-11-2018,13:46,6.78,0:12,-85.4649,31.31462,-85.38277,31.26955
Tuesday,6-11-2018,15:15,5.34,0:12,-85.38121,31.27002,-85.44537,31.24474
Tuesday,6-11-2018,15:49,0.91,0:04,-85.44537,31.24474,-85.4372,31.25025
Wednesday,7-11-2018,7:34,5.53,0:10,-85.4372,31.25025,-85.46538,31.31451
Wednesday,7-11-2018,10:52,5.51,0:11,-85.46543,31.31435,-85.43736,31.24984
Wednesday,7-11-2018,12:23,5.54,0:13,-85.43716,31.24975,-85.46535,31.31447
Wednesday,7-11-2018,13:43,6.79,0:11,-85.46535,31.31447,-85.38277,31.26963
Wednesday,7-11-2018,15:16,4.59,0:11,-85.38284,31.26958,-85.43721,31.25025
Wednesday,7-11-2018,18:02,0.82,0:03,-85.43721,31.25025,-85.4357,31.23961
Wednesday,7-11-2018,19:30,0.85,0:03,-85.4357,31.23961,-85.43711,31.25016
Thursday,8-11-2018,7:31,5.53,0:11,-85.43711,31.25016,-85.46532,31.31451
Thursday,8-11-2018,10:43,5.51,0:12,-85.46532,31.31451,-85.43726,31.24988
Thursday,8-11-2018,12:22,5.54,0:15,-85.43726,31.24988,-85.46534,31.31454
Thursday,8-11-2018,13:43,7.5,0:12,-85.46531,31.31452,-85.38279,31.26959
Thursday,8-11-2018,15:15,4.59,0:08,-85.38279,31.26959,-85.4372,31.25026
Thursday,8-11-2018,17:34,2.1,0:07,-85.43608,31.25003,-85.42215,31.23958
Thursday,8-11-2018,21:45,2.11,0:07,-85.42215,31.23958,-85.43718,31.25027
Friday,9-11-2018,8:22,1.74,0:06,-85.43718,31.25027,-85.42121,31.23483
Friday,9-11-2018,11:05,1.72,0:07,-85.42111,31.23464,-85.43728,31.2499
Friday,9-11-2018,11:44,1.76,0:07,-85.43728,31.2499,-85.42208,31.23957
Friday,9-11-2018,12:53,4.39,0:12,-85.42208,31.23957,-85.38283,31.26954
Friday,9-11-2018,15:16,4.59,0:10,-85.38267,31.26981,-85.43719,31.25026
Sunday,11-11-2018,9:01,0.99,0:02,-85.43681,31.24776,-85.43674,31.2401
Sunday,11-11-2018,11:21,0.95,0:03,-85.43689,31.24001,-85.43718,31.25024
Sunday,11-11-2018,14:49,2.11,0:07,-85.43718,31.25024,-85.42219,31.23962
Sunday,11-11-2018,14:57,0.01,0:00,-85.42219,31.23962,-85.42223,31.23943
Sunday,11-11-2018,15:11,1.23,0:04,-85.42223,31.23943,-85.41095,31.23215
Sunday,11-11-2018,15:36,1.59,0:05,-85.41085,31.23254,-85.42326,31.24632
Sunday,11-11-2018,15:56,1.15,0:03,-85.42326,31.24632,-85.4079,31.23926
Sunday,11-11-2018,16:18,1.43,0:06,-85.4079,31.23926,-85.42215,31.23945
Sunday,11-11-2018,16:45,2.53,0:09,-85.42215,31.23945,-85.4436,31.26625
Sunday,11-11-2018,17:17,1.56,0:06,-85.4436,31.26625,-85.43727,31.24987
Sunday,11-11-2018,17:27,4.1,0:22,-85.43742,31.24977,-85.43532,31.23969
Sunday,11-11-2018,18:53,2.91,0:10,-85.43532,31.23969,-85.4222,31.23952
Sunday,11-11-2018,21:11,2.11,0:08,-85.4222,31.23952,-85.43722,31.25032
Monday,12-11-2018,14:02,0.95,0:18,-85.43722,31.25013,-85.42939,31.253
Monday,12-11-2018,14:53,1.16,0:06,-85.42939,31.253,-85.42214,31.23946
Monday,12-11-2018,15:10,1.82,0:09,-85.42214,31.23946,-85.42722,31.24951
Monday,12-11-2018,15:24,6.36,0:25,-85.42722,31.24951,-85.39218,31.22426
Monday,12-11-2018,16:47,5.82,0:19,-85.39187,31.22424,-85.44683,31.26676
Monday,12-11-2018,17:48,7.87,0:28,-85.44683,31.26676,-85.43719,31.25027
Tuesday,13-11-2018,7:31,5.54,0:13,-85.43719,31.25027,-85.46531,31.31454
Tuesday,13-11-2018,13:47,9.31,0:30,-85.46531,31.31454,-85.38278,31.26962
Tuesday,13-11-2018,15:16,4.56,0:09,-85.38278,31.26962,-85.43728,31.2499
Tuesday,13-11-2018,15:40,1.74,0:06,-85.43728,31.2499,-85.42131,31.23483
Tuesday,13-11-2018,17:55,1.9,0:07,-85.42131,31.23483,-85.43718,31.25023
Tuesday,13-11-2018,18:25,2.48,0:07,-85.43718,31.25023,-85.43717,31.25018
Wednesday,14-11-2018,7:37,5.53,0:11,-85.43717,31.25018,-85.46518,31.31441
Wednesday,14-11-2018,10:43,5.52,0:10,-85.46518,31.31441,-85.43732,31.24989
Wednesday,14-11-2018,12:21,5.55,0:13,-85.43732,31.24989,-85.46533,31.31448
Wednesday,14-11-2018,13:43,1.37,0:03,-85.46527,31.31446,-85.44745,31.3047
Wednesday,14-11-2018,13:49,5.48,0:08,-85.44749,31.30357,-85.38026,31.26725
Wednesday,14-11-2018,15:28,4.6,0:11,-85.38034,31.26746,-85.43721,31.25024
Wednesday,14-11-2018,18:18,0.8,0:02,-85.43721,31.25024,-85.43447,31.24018
Wednesday,14-11-2018,19:33,2.93,0:07,-85.43529,31.23964,-85.42215,31.23951
Wednesday,14-11-2018,21:22,2.8,0:07,-85.42215,31.23951,-85.4372,31.25025
Thursday,15-11-2018,7:34,5.54,0:16,-85.4372,31.25025,-85.46527,31.31445
Thursday,15-11-2018,10:48,5.55,0:13,-85.46527,31.31445,-85.43732,31.24991
Thursday,15-11-2018,12:25,5.55,0:12,-85.43732,31.24991,-85.46538,31.3145
Thursday,15-11-2018,13:43,6.8,0:09,-85.46538,31.31441,-85.38275,31.26962
Thursday,15-11-2018,15:15,4.57,0:07,-85.38203,31.27001,-85.43731,31.24988
Thursday,15-11-2018,16:45,5.29,0:17,-85.43715,31.24991,-85.43722,31.25028
Friday,16-11-2018,9:34,1.75,0:06,-85.43688,31.24974,-85.42121,31.23467
Friday,16-11-2018,11:11,6.78,0:15,-85.42121,31.23467,-85.46512,31.31472
Friday,16-11-2018,11:33,5.56,0:15,-85.46512,31.31472,-85.43731,31.24993
Friday,16-11-2018,14:04,4.57,0:10,-85.43678,31.24968,-85.38055,31.26722
Friday,16-11-2018,14:18,0.37,0:02,-85.38055,31.26722,-85.38282,31.26934
Friday,16-11-2018,15:15,6.25,0:15,-85.38282,31.26934,-85.43729,31.24989
Friday,16-11-2018,16:03,3.76,0:11,-85.43729,31.24989,-85.38492,31.25138
Friday,16-11-2018,16:23,3.91,0:12,-85.38492,31.25138,-85.43717,31.25024
Saturday,17-11-2018,10:12,1.61,0:04,-85.43717,31.25024,-85.42698,31.24379
Saturday,17-11-2018,10:25,1.26,0:20,-85.42725,31.24361,-85.4331,31.23161
Saturday,17-11-2018,10:54,1.5,0:05,-85.4372,31.25037,-85.4372,31.25037
Sunday,18-11-2018,9:06,1,0:02,-85.43691,31.24812,-85.43675,31.23998
Sunday,18-11-2018,11:17,0.94,0:04,-85.43688,31.23992,-85.43717,31.25028
Sunday,18-11-2018,13:56,1.19,0:05,-85.43717,31.25028,-85.44381,31.23926
Sunday,18-11-2018,15:20,1.6,0:08,-85.4432,31.23921,-85.43693,31.25018
Sunday,18-11-2018,16:52,2.09,0:07,-85.43713,31.25017,-85.42219,31.23946
Sunday,18-11-2018,17:03,2.1,0:09,-85.42219,31.23946,-85.4374,31.24992
Sunday,18-11-2018,17:22,0.8,0:02,-85.43695,31.24972,-85.43528,31.23969
Sunday,18-11-2018,18:30,0.81,0:04,-85.43526,31.23957,-85.43734,31.24986
Sunday,18-11-2018,19:30,2.1,0:06,-85.43734,31.24986,-85.42222,31.23954
Sunday,18-11-2018,19:36,2.1,0:10,-85.42222,31.23954,-85.43716,31.25027
Monday,19-11-2018,18:37,2.1,0:05,-85.43698,31.25003,-85.42217,31.23964
Monday,19-11-2018,18:44,2.58,0:10,-85.42215,31.23971,-85.44706,31.26684
Monday,19-11-2018,19:16,0.27,0:04,-85.44706,31.26684,-85.44965,31.26856
Monday,19-11-2018,21:37,6.14,0:29,-85.44939,31.26883,-85.4372,31.25028
Tuesday,20-11-2018,12:32,1.67,0:09,-85.437,31.24997,-85.43388,31.22877
Tuesday,20-11-2018,12:46,1.68,0:10,-85.43391,31.22882,-85.42113,31.2348
Tuesday,20-11-2018,14:14,2.39,0:13,-85.42107,31.23494,-85.44435,31.22042
Tuesday,20-11-2018,14:45,2.58,0:08,-85.44438,31.22056,-85.43719,31.25025
Tuesday,20-11-2018,17:47,2.1,0:06,-85.43692,31.24995,-85.42215,31.23946
Tuesday,20-11-2018,18:13,1.59,0:05,-85.42221,31.23957,-85.4095,31.22743
Tuesday,20-11-2018,19:25,1.55,0:04,-85.4095,31.22743,-85.42208,31.23963
Tuesday,20-11-2018,21:52,2.97,0:10,-85.42208,31.23963,-85.43718,31.25025
Wednesday,21-11-2018,13:34,2.25,0:05,-85.43685,31.24967,-85.46167,31.24513
Wednesday,21-11-2018,13:56,2.33,0:07,-85.46167,31.24513,-85.43721,31.25028
Wednesday,21-11-2018,17:54,1.89,0:06,-85.43721,31.25028,-85.43107,31.22551
Wednesday,21-11-2018,18:14,1.55,0:04,-85.43109,31.22568,-85.42669,31.2438
Wednesday,21-11-2018,18:25,1.29,0:05,-85.42669,31.2438,-85.43718,31.25023
Friday,23-11-2018,8:53,2.1,0:06,-85.43678,31.24966,-85.42216,31.23945
Friday,23-11-2018,10:28,2.12,0:10,-85.42224,31.23948,-85.4372,31.2503
Friday,23-11-2018,14:20,2.52,0:10,-85.43689,31.2501,-85.4176,31.22768
Friday,23-11-2018,15:42,0.72,0:03,-85.41743,31.22761,-85.41081,31.2319
Friday,23-11-2018,15:50,2.5,0:08,-85.41081,31.2319,-85.43727,31.24988
Friday,23-11-2018,16:10,1.37,0:07,-85.43746,31.24977,-85.44288,31.26452
Friday,23-11-2018,16:25,0.38,0:03,-85.44288,31.26452,-85.44644,31.26698
Friday,23-11-2018,17:03,0.13,0:01,-85.44655,31.26744,-85.44748,31.26691
Friday,23-11-2018,17:20,1.95,0:08,-85.44748,31.26691,-85.42612,31.24989
Friday,23-11-2018,17:35,0.35,0:07,-85.42612,31.24989,-85.42721,31.24949
Friday,23-11-2018,18:02,1.61,0:06,-85.42719,31.24944,-85.43729,31.24987
Friday,23-11-2018,18:46,2.55,0:07,-85.43736,31.24967,-85.41084,31.23209
Friday,23-11-2018,18:55,3.44,0:07,-85.41084,31.23209,-85.39338,31.22104
Friday,23-11-2018,20:16,2.67,0:07,-85.39324,31.22119,-85.422,31.23962
Friday,23-11-2018,20:32,1.22,0:05,-85.4222,31.2395,-85.41095,31.23211
Friday,23-11-2018,20:49,2.67,0:07,-85.41095,31.23211,-85.4372,31.25028
Sunday,25-11-2018,9:03,0.91,0:02,-85.43663,31.24961,-85.43646,31.24029
Sunday,25-11-2018,11:20,0.94,0:04,-85.43646,31.24029,-85.43718,31.25031
Sunday,25-11-2018,18:23,2.56,0:09,-85.43723,31.25035,-85.41096,31.23211
Sunday,25-11-2018,18:34,3.85,0:18,-85.41096,31.23211,-85.44963,31.26885
Sunday,25-11-2018,21:37,6.57,0:21,-85.44963,31.26885,-85.43713,31.25023
Monday,26-11-2018,7:33,5.54,0:14,-85.43713,31.25023,-85.46526,31.31451
Monday,26-11-2018,10:40,5.55,0:13,-85.46522,31.31458,-85.43734,31.24991
Monday,26-11-2018,12:28,5.53,0:11,-85.43734,31.24991,-85.46524,31.31452
Monday,26-11-2018,13:42,7.29,0:40,-85.46524,31.31452,-85.38277,31.26956
Monday,26-11-2018,15:15,4.59,0:07,-85.38253,31.26994,-85.43718,31.25025
Tuesday,27-11-2018,7:50,5.79,0:15,-85.43718,31.25025,-85.46464,31.31431
Tuesday,27-11-2018,9:09,11.05,0:23,-85.46453,31.31428,-85.36106,31.29495
Tuesday,27-11-2018,9:37,2.47,0:08,-85.36112,31.29512,-85.38051,31.26759
Tuesday,27-11-2018,12:21,6.78,0:15,-85.38019,31.26736,-85.46518,31.31444
Tuesday,27-11-2018,13:42,6.79,0:42,-85.46522,31.31441,-85.38277,31.26947
Tuesday,27-11-2018,17:29,4.59,0:09,-85.38277,31.26947,-85.43719,31.25026
Tuesday,27-11-2018,18:44,1.09,0:08,-85.43719,31.25026,-85.44256,31.24006
Tuesday,27-11-2018,19:02,1.27,0:03,-85.44256,31.24006,-85.43716,31.25026
Wednesday,28-11-2018,7:28,5.54,0:17,-85.43716,31.25026,-85.46538,31.31449
Wednesday,28-11-2018,11:43,5.52,0:11,-85.46538,31.31449,-85.43743,31.24991
Wednesday,28-11-2018,11:58,0.01,0:00,-85.43743,31.24991,-85.43726,31.24985
Wednesday,28-11-2018,12:21,5.55,0:12,-85.43724,31.24976,-85.46514,31.31472
Wednesday,28-11-2018,13:43,6.79,0:11,-85.46514,31.31472,-85.38056,31.26721
Wednesday,28-11-2018,15:15,4.56,0:08,-85.3822,31.26998,-85.43732,31.24989
Wednesday,28-11-2018,15:27,1.75,0:07,-85.43745,31.24976,-85.42119,31.23482
Wednesday,28-11-2018,16:54,1.88,0:08,-85.42119,31.23482,-85.43727,31.24988
Wednesday,28-11-2018,17:13,2.54,0:10,-85.43727,31.24988,-85.41094,31.23206
Wednesday,28-11-2018,19:46,2.7,0:07,-85.41055,31.23196,-85.43724,31.25026
Wednesday,28-11-2018,21:16,1.64,0:04,-85.4369,31.25006,-85.43708,31.25023
Thursday,29-11-2018,7:38,5.52,0:12,-85.43708,31.25023,-85.46496,31.31439
Thursday,29-11-2018,12:17,1.36,0:03,-85.46496,31.31439,-85.44784,31.3047
Thursday,29-11-2018,12:24,1.47,0:14,-85.44784,31.3047,-85.46497,31.31437
Thursday,29-11-2018,13:45,6.77,0:38,-85.46485,31.3144,-85.38276,31.26959
Thursday,29-11-2018,16:52,4.59,0:10,-85.38254,31.26972,-85.43721,31.25026
Friday,30-11-2018,14:01,4.57,0:09,-85.43713,31.25023,-85.38276,31.26965
Friday,30-11-2018,15:14,7.08,0:26,-85.38266,31.26962,-85.43732,31.24979
Friday,30-11-2018,15:58,2.51,0:10,-85.43732,31.24979,-85.41309,31.23025
Friday,30-11-2018,16:20,2.65,0:08,-85.41309,31.23025,-85.43731,31.24988
Friday,30-11-2018,18:20,2.54,0:09,-85.43654,31.24947,-85.4102,31.23129
Friday,30-11-2018,21:34,2.53,0:05,-85.4102,31.23129,-85.43715,31.25022
Saturday,1-12-2018,18:07,2.51,0:09,-85.43715,31.25022,-85.41321,31.2302
Saturday,1-12-2018,18:19,0.26,0:02,-85.41321,31.2302,-85.41095,31.23199
Saturday,1-12-2018,18:30,4.23,0:11,-85.41095,31.23199,-85.39012,31.21153
Saturday,1-12-2018,19:42,0.81,0:04,-85.38995,31.21158,-85.39153,31.22197
Saturday,1-12-2018,20:42,14.05,0:36,-85.39156,31.22172,-85.41098,31.23201
Saturday,1-12-2018,21:25,2.52,0:06,-85.41081,31.23219,-85.43718,31.25026
Sunday,2-12-2018,9:04,0.99,0:04,-85.43718,31.25026,-85.43677,31.24006
Sunday,2-12-2018,11:16,0.92,0:05,-85.43677,31.24006,-85.43728,31.24983
Sunday,2-12-2018,16:51,0.87,0:03,-85.43728,31.24983,-85.43667,31.23973
Sunday,2-12-2018,19:58,0.89,0:05,-85.43665,31.23973,-85.43743,31.2498
Sunday,2-12-2018,20:06,0.08,0:00,-85.43698,31.24966,-85.43671,31.25038
Sunday,2-12-2018,20:11,0.12,0:01,-85.43677,31.2504,-85.43719,31.25023
Monday,3-12-2018,7:31,5.53,0:15,-85.43719,31.25023,-85.46533,31.31449
Monday,3-12-2018,11:25,6.92,0:14,-85.46533,31.31449,-85.43399,31.22878
Monday,3-12-2018,11:47,0.09,0:01,-85.43399,31.22878,-85.43417,31.22988
Monday,3-12-2018,11:51,1.41,0:03,-85.43417,31.22988,-85.43733,31.24991
Monday,3-12-2018,12:29,5.53,0:13,-85.43682,31.24962,-85.46512,31.3145
Monday,3-12-2018,13:37,6.77,0:12,-85.46504,31.31446,-85.3828,31.26959
Monday,3-12-2018,16:47,4.58,0:08,-85.3828,31.26959,-85.43718,31.25026
Tuesday,4-12-2018,7:34,4.45,0:12,-85.43684,31.24987,-85.38105,31.26946
Tuesday,4-12-2018,12:18,6.67,0:10,-85.38091,31.26946,-85.46529,31.31445
Tuesday,4-12-2018,13:34,6.79,0:14,-85.46529,31.31445,-85.38275,31.26959
Tuesday,4-12-2018,16:12,4.58,0:08,-85.38259,31.26994,-85.43718,31.25027
Tuesday,4-12-2018,16:43,3.4,0:14,-85.43685,31.25006,-85.43716,31.25024
Tuesday,4-12-2018,18:27,4.56,0:10,-85.43611,31.24893,-85.38104,31.26924
Tuesday,4-12-2018,20:24,4.5,0:10,-85.38104,31.26924,-85.43719,31.25023
Wednesday,5-12-2018,8:21,5.54,0:18,-85.43702,31.2501,-85.46527,31.31457
Wednesday,5-12-2018,13:40,6.79,0:42,-85.46527,31.31457,-85.38276,31.26957
Wednesday,5-12-2018,15:16,4.59,0:07,-85.38276,31.26957,-85.4372,31.25024
Wednesday,5-12-2018,17:27,0.8,0:04,-85.43689,31.25001,-85.43504,31.23963
Wednesday,5-12-2018,19:32,0.83,0:02,-85.43529,31.23963,-85.43715,31.25043
Wednesday,5-12-2018,20:14,2.55,0:06,-85.43691,31.24978,-85.41095,31.23212
Wednesday,5-12-2018,20:48,2.51,0:12,-85.41095,31.23212,-85.43716,31.25022
Thursday,6-12-2018,7:40,5.58,0:15,-85.43716,31.25022,-85.46493,31.31442
Thursday,6-12-2018,10:47,5.49,0:12,-85.46493,31.31442,-85.43734,31.24992
Thursday,6-12-2018,12:28,5.54,0:13,-85.43731,31.24986,-85.46538,31.31448
Thursday,6-12-2018,13:45,6.79,0:16,-85.46538,31.31448,-85.38279,31.26951
Thursday,6-12-2018,14:28,4.58,0:09,-85.38253,31.26994,-85.4372,31.25025
Friday,7-12-2018,15:19,1.68,0:12,-85.43672,31.24967,-85.44747,31.2667
Friday,7-12-2018,15:46,1.94,0:06,-85.44759,31.26654,-85.43721,31.25026
Sunday,9-12-2018,8:59,0.99,0:03,-85.43696,31.24994,-85.4368,31.24014
Sunday,9-12-2018,11:23,1.01,0:13,-85.43678,31.24008,-85.42897,31.24562
Sunday,9-12-2018,11:41,0.94,0:06,-85.42897,31.24562,-85.42759,31.24553
Sunday,9-12-2018,12:14,1.32,0:04,-85.42759,31.24553,-85.43719,31.25029
Sunday,9-12-2018,19:31,0.65,0:02,-85.43719,31.25029,-85.43445,31.25768
Sunday,9-12-2018,19:44,0.75,0:02,-85.43445,31.25775,-85.43719,31.25022
Tuesday,11-12-2018,7:41,5.52,0:10,-85.43679,31.24969,-85.46496,31.31444
Tuesday,11-12-2018,14:26,7.26,0:11,-85.46486,31.31437,-85.38276,31.26954
Tuesday,11-12-2018,15:29,4.59,0:08,-85.38276,31.26954,-85.43708,31.25032
Wednesday,12-12-2018,8:39,5.54,0:09,-85.43694,31.25004,-85.46527,31.31464
Wednesday,12-12-2018,11:55,8.27,0:16,-85.46523,31.31463,-85.4373,31.2499
Wednesday,12-12-2018,14:04,4.58,0:09,-85.4373,31.2499,-85.38279,31.26945
Wednesday,12-12-2018,15:21,0.18,0:01,-85.38259,31.26957,-85.38254,31.26709
Wednesday,12-12-2018,16:27,4.75,0:07,-85.3827,31.26694,-85.43732,31.24989
Wednesday,12-12-2018,19:31,0.84,0:03,-85.43529,31.23971,-85.43718,31.25013
Thursday,13-12-2018,12:46,4.51,0:09,-85.43724,31.25029,-85.38054,31.26784
Thursday,13-12-2018,14:21,0.31,0:01,-85.38039,31.26805,-85.38278,31.26958
Thursday,13-12-2018,15:14,4.6,0:09,-85.38277,31.26956,-85.43722,31.25029
Friday,14-12-2018,8:47,4.46,0:10,-85.43722,31.25029,-85.38105,31.26945
Friday,14-12-2018,11:47,4.49,0:10,-85.38094,31.26986,-85.43719,31.25028
Friday,14-12-2018,12:38,0.88,0:03,-85.43719,31.25028,-85.43586,31.2397
Friday,14-12-2018,13:13,2.61,0:06,-85.43586,31.2397,-85.46149,31.23864
Friday,14-12-2018,13:29,2.39,0:09,-85.46153,31.2387,-85.4372,31.25028
Sunday,16-12-2018,8:59,0.99,0:04,-85.43721,31.25013,-85.43674,31.24011
Sunday,16-12-2018,11:18,0.95,0:03,-85.43685,31.23993,-85.43719,31.25025
Monday,17-12-2018,12:03,4.52,0:09,-85.43717,31.25033,-85.38054,31.26778
Monday,17-12-2018,12:20,0.32,0:02,-85.38054,31.26778,-85.38278,31.26954
Monday,17-12-2018,15:14,5.15,0:17,-85.38273,31.26952,-85.44659,31.26701
Monday,17-12-2018,15:40,1.7,0:07,-85.44659,31.26701,-85.43719,31.25022
Tuesday,18-12-2018,13:22,5.55,0:12,-85.43714,31.25024,-85.46514,31.31467
Tuesday,18-12-2018,13:38,11.64,0:36,-85.46516,31.31468,-85.44035,31.26686
Tuesday,18-12-2018,14:29,0.17,0:01,-85.44035,31.26686,-85.44195,31.26573
Tuesday,18-12-2018,14:33,1.47,0:04,-85.44195,31.26573,-85.43719,31.2503
Tuesday,18-12-2018,16:09,1.85,0:07,-85.43666,31.24973,-85.42158,31.23258
Tuesday,18-12-2018,16:29,4.22,0:14,-85.4218,31.23254,-85.41207,31.20677
Tuesday,18-12-2018,17:06,4.22,0:18,-85.41207,31.20677,-85.43719,31.25023
Wednesday,19-12-2018,9:29,2.28,0:08,-85.43719,31.25023,-85.43124,31.21931
Wednesday,19-12-2018,9:49,2.27,0:10,-85.43124,31.21931,-85.43718,31.25027
Thursday,27-12-2018,11:23,3.5,0:17,-85.45983,31.23639,-85.42432,31.24637
Thursday,27-12-2018,12:01,1.66,0:05,-85.42432,31.24637,-85.43716,31.25025
Friday,28-12-2018,10:24,0.96,0:02,-85.43716,31.25025,-85.44308,31.24281
Friday,28-12-2018,11:11,0.98,0:05,-85.44308,31.24281,-85.4372,31.25023
Friday,28-12-2018,15:20,0.89,0:04,-85.4372,31.25023,-85.43649,31.24011
Friday,28-12-2018,15:55,2.75,0:13,-85.43649,31.24011,-85.4667,31.23887
Friday,28-12-2018,16:14,2.69,0:08,-85.4667,31.23887,-85.43716,31.25019
Monday,31-12-2018,19:26,11.23,0:27,-85.43716,31.25019,-85.44454,31.24893
Monday,31-12-2018,23:11,1.05,0:03,-85.44454,31.24893,-85.43721,31.25029
Tuesday,1-1-2019,10:46,4.84,0:10,-85.43709,31.25034,-85.49891,31.24286
Tuesday,1-1-2019,11:01,2.55,0:08,-85.49891,31.24286,-85.4625,31.23885
Tuesday,1-1-2019,11:25,2.42,0:05,-85.4625,31.23885,-85.43743,31.24991
Tuesday,1-1-2019,11:33,0.01,0:00,-85.43743,31.24991,-85.43733,31.24985
Tuesday,1-1-2019,14:25,1.33,0:03,-85.43733,31.24985,-85.4537,31.2457
Tuesday,1-1-2019,17:14,1.34,0:04,-85.45336,31.2459,-85.43673,31.25067
Wednesday,2-1-2019,10:00,5.54,0:11,-85.43725,31.25016,-85.46509,31.3147
Wednesday,2-1-2019,10:18,8.79,0:34,-85.46514,31.3147,-85.43719,31.25023
Wednesday,2-1-2019,18:21,0.8,0:02,-85.43719,31.25023,-85.43526,31.23975
Wednesday,2-1-2019,19:36,0.84,0:02,-85.43526,31.23975,-85.4371,31.25023
Thursday,3-1-2019,10:50,4.55,0:09,-85.4371,31.25023,-85.38054,31.26724
Thursday,3-1-2019,11:06,4.57,0:08,-85.38054,31.26724,-85.4372,31.25026
Thursday,3-1-2019,11:49,1.04,0:03,-85.4372,31.25026,-85.43933,31.23983
Thursday,3-1-2019,13:30,1.04,0:06,-85.43935,31.2398,-85.43738,31.2499
Thursday,3-1-2019,13:50,1.09,0:13,-85.43738,31.2499,-85.44856,31.24439
Thursday,3-1-2019,14:07,1.16,0:10,-85.44856,31.24439,-85.4372,31.25026
Friday,4-1-2019,10:32,5.25,0:11,-85.43712,31.25018,-85.49087,31.24315
Friday,4-1-2019,12:11,4.64,0:13,-85.49087,31.24315,-85.43719,31.25022
Saturday,5-1-2019,15:07,1.83,0:06,-85.43697,31.24971,-85.42398,31.25561
Saturday,5-1-2019,16:46,1.33,0:04,-85.42398,31.2557,-85.437,31.25037
Saturday,5-1-2019,18:20,2.55,0:06,-85.43718,31.25024,-85.45123,31.22794
Saturday,5-1-2019,20:46,2.58,0:08,-85.45123,31.22794,-85.43716,31.25025
Sunday,6-1-2019,8:59,0.99,0:04,-85.43712,31.25017,-85.43678,31.2401
Sunday,6-1-2019,11:16,1.17,0:11,-85.43669,31.24014,-85.43153,31.22635
Sunday,6-1-2019,12:01,1.8,0:07,-85.43142,31.22631,-85.43707,31.25024
Sunday,6-1-2019,17:30,2.85,0:17,-85.43707,31.25024,-85.43526,31.23972
Sunday,6-1-2019,18:56,0.84,0:03,-85.43501,31.2393,-85.43718,31.25025
Monday,7-1-2019,8:02,0.93,0:06,-85.43718,31.25025,-85.43407,31.23733
Monday,7-1-2019,9:14,0.94,0:03,-85.43407,31.23733,-85.43721,31.25028
Monday,7-1-2019,10:45,4.56,0:07,-85.43709,31.25012,-85.38278,31.26962
Monday,7-1-2019,15:20,6.45,0:17,-85.38278,31.26962,-85.4372,31.25026
Monday,7-1-2019,16:46,6.25,0:16,-85.4372,31.25026,-85.46677,31.23286
Monday,7-1-2019,17:05,3.07,0:10,-85.46651,31.23306,-85.43721,31.25022
Tuesday,8-1-2019,11:30,4.56,0:09,-85.43694,31.25051,-85.38277,31.2696
Tuesday,8-1-2019,16:20,4.58,0:09,-85.38227,31.27004,-85.43718,31.25028
Tuesday,8-1-2019,17:20,8.7,0:19,-85.43679,31.25082,-85.43722,31.25027
Tuesday,8-1-2019,18:48,4.75,0:13,-85.43722,31.25027,-85.47283,31.25859
Tuesday,8-1-2019,19:03,4.34,0:09,-85.47283,31.25859,-85.43718,31.25025
Wednesday,9-1-2019,9:05,5.49,0:11,-85.43718,31.25025,-85.46482,31.31438
Wednesday,9-1-2019,10:15,5.48,0:11,-85.46472,31.31432,-85.4373,31.2499
Wednesday,9-1-2019,11:38,4.57,0:08,-85.4373,31.2499,-85.38277,31.26964
Wednesday,9-1-2019,15:22,0.16,0:01,-85.38215,31.27006,-85.38085,31.26961
Wednesday,9-1-2019,16:53,4.5,0:09,-85.38064,31.26981,-85.4372,31.25029
Wednesday,9-1-2019,17:38,0.8,0:03,-85.4372,31.25029,-85.43525,31.23974
Wednesday,9-1-2019,19:29,0.84,0:02,-85.43525,31.23974,-85.43721,31.25023
Thursday,10-1-2019,11:28,4.4,0:08,-85.43523,31.25314,-85.38276,31.26958
Thursday,10-1-2019,16:24,0.15,0:00,-85.35435,31.26333,-85.35388,31.26312
Thursday,10-1-2019,16:47,4.47,0:09,-85.3807,31.26963,-85.43719,31.25025
Friday,11-1-2019,10:19,4.56,0:11,-85.43722,31.2503,-85.38276,31.26958
Friday,11-1-2019,15:09,4.59,0:08,-85.38276,31.26958,-85.43719,31.25025
Sunday,13-1-2019,9:07,1,0:03,-85.43671,31.24932,-85.43683,31.23998
Sunday,13-1-2019,11:25,2.7,0:19,-85.43683,31.23998,-85.4372,31.25025
Monday,14-1-2019,7:39,5.53,0:13,-85.4372,31.25025,-85.46517,31.31443
Monday,14-1-2019,10:20,1.36,0:03,-85.46517,31.31443,-85.44761,31.30451
Monday,14-1-2019,10:27,4.16,0:08,-85.44752,31.30439,-85.43735,31.2499
Monday,14-1-2019,11:22,4.76,0:15,-85.43735,31.2499,-85.38273,31.26693
Monday,14-1-2019,11:38,0.2,0:01,-85.38273,31.26693,-85.38281,31.26957
Monday,14-1-2019,15:14,4.59,0:08,-85.38923,31.20907,-85.43716,31.25024
Monday,14-1-2019,17:09,2.05,0:09,-85.43672,31.24991,-85.43696,31.25029
Tuesday,15-1-2019,9:53,1.93,0:04,-85.43681,31.24869,-85.45255,31.23678
Tuesday,15-1-2019,10:51,1.98,0:05,-85.45255,31.23678,-85.4372,31.25027
Tuesday,15-1-2019,11:24,4.57,0:27,-85.43718,31.25019,-85.38276,31.2696
Tuesday,15-1-2019,16:14,9.44,0:24,-85.38276,31.2696,-85.43177,31.25648
Tuesday,15-1-2019,17:13,1.46,0:04,-85.43177,31.25648,-85.43715,31.25021
Wednesday,16-1-2019,7:16,2.21,0:08,-85.43715,31.25021,-85.43717,31.25028
Wednesday,16-1-2019,9:03,5.9,0:11,-85.4369,31.24987,-85.46889,31.31543
Wednesday,16-1-2019,10:33,5.78,0:11,-85.46889,31.31543,-85.4372,31.24983
Wednesday,16-1-2019,11:05,11.72,0:32,-85.4372,31.24983,-85.38285,31.26957
Wednesday,16-1-2019,15:21,0.18,0:08,-85.38285,31.26957,-85.38272,31.26699
Wednesday,16-1-2019,16:49,11.33,0:21,-85.38252,31.26747,-85.43721,31.25028
Wednesday,16-1-2019,19:37,0.83,0:03,-85.43526,31.23961,-85.4372,31.2503
Thursday,17-1-2019,10:27,0.48,0:01,-85.4367,31.24969,-85.43423,31.25465
Thursday,17-1-2019,11:26,4.16,0:07,-85.43421,31.25464,-85.38278,31.26959
Thursday,17-1-2019,16:13,5.13,0:17,-85.38278,31.26959,-85.43721,31.25029
Friday,18-1-2019,11:41,5.88,0:10,-85.43687,31.24988,-85.3828,31.26962
Friday,18-1-2019,15:03,4.58,0:08,-85.3828,31.26962,-85.43721,31.25029
Saturday,19-1-2019,11:04,1.49,0:02,-85.43679,31.24866,-85.43471,31.22886
Saturday,19-1-2019,11:07,3.16,0:06,-85.43486,31.22886,-85.4372,31.25024
Saturday,19-1-2019,12:18,3.3,0:06,-85.4537,31.2457,-85.44754,31.26891
Saturday,19-1-2019,12:43,1.77,0:06,-85.44755,31.2689,-85.43721,31.25026
Saturday,19-1-2019,14:50,2.46,0:06,-85.43691,31.24983,-85.42978,31.2263
Saturday,19-1-2019,15:48,6.47,0:26,-85.42978,31.22597,-85.43729,31.24992
Saturday,19-1-2019,16:20,77.2,1:20,-85.43729,31.24992,-84.69696,30.58135
Saturday,19-1-2019,17:54,30.27,0:40,-84.69674,30.58148,-84.26522,30.43699
Saturday,19-1-2019,21:07,3,0:16,-84.26511,30.43698,-84.28405,30.46311
Saturday,19-1-2019,21:29,80.47,1:13,-84.28405,30.46311,-85.37702,30.79272
Saturday,19-1-2019,22:45,34.28,0:40,-85.37702,30.79272,-85.43716,31.25021
Sunday,20-1-2019,9:03,0.99,0:02,-85.43715,31.25015,-85.43675,31.23999
Sunday,20-1-2019,11:26,0.94,0:04,-85.43701,31.24009,-85.43719,31.25025
Sunday,20-1-2019,14:59,2.47,0:09,-85.43719,31.25025,-85.42974,31.2263
Sunday,20-1-2019,15:53,2.43,0:09,-85.42974,31.2263,-85.43721,31.25027
Sunday,20-1-2019,16:55,11.93,0:16,-85.43721,31.25027,-85.59716,31.21462
Sunday,20-1-2019,18:51,11.25,0:18,-85.59717,31.21445,-85.43719,31.25027
Monday,21-1-2019,12:58,0.55,0:02,-85.43719,31.25027,-85.43376,31.24435
Monday,21-1-2019,15:55,0.55,0:01,-85.43376,31.24435,-85.4373,31.24995
Monday,21-1-2019,16:55,8.7,0:17,-85.43745,31.2498,-85.4373,31.24985
Monday,21-1-2019,17:31,2.94,0:07,-85.4373,31.24985,-85.46009,31.2616
Monday,21-1-2019,18:47,2.97,0:08,-85.45967,31.26187,-85.43718,31.25022
Tuesday,22-1-2019,11:27,4.57,0:12,-85.43718,31.25022,-85.38277,31.26956
Tuesday,22-1-2019,15:22,0.17,0:05,-85.38292,31.26964,-85.38092,31.26949
Tuesday,22-1-2019,16:10,4.49,0:08,-85.38092,31.26949,-85.43722,31.25026
Tuesday,22-1-2019,18:38,1.85,0:08,-85.43712,31.25022,-85.44691,31.26817
Tuesday,22-1-2019,19:31,0.19,0:01,-85.44691,31.26817,-85.44932,31.26873
Tuesday,22-1-2019,22:11,2.19,1:01,-85.44932,31.26873,-85.43718,31.25025
Wednesday,23-1-2019,9:07,5.83,0:11,-85.4369,31.24969,-85.46889,31.3149
Wednesday,23-1-2019,10:30,5.71,0:12,-85.46889,31.3149,-85.43728,31.24989
Wednesday,23-1-2019,11:08,7.63,0:20,-85.43726,31.24966,-85.38276,31.26957
Wednesday,23-1-2019,15:19,0.18,0:06,-85.38276,31.26957,-85.38106,31.26931
Wednesday,23-1-2019,16:41,4.49,0:13,-85.38089,31.26931,-85.43722,31.25023
Wednesday,23-1-2019,18:18,0.79,0:03,-85.43722,31.25023,-85.43527,31.23966
Wednesday,23-1-2019,19:29,1.33,0:03,-85.43527,31.23966,-85.43446,31.25591
Wednesday,23-1-2019,19:37,0.52,0:01,-85.43446,31.25591,-85.43722,31.25024
Thursday,24-1-2019,10:44,4.57,0:09,-85.43717,31.25024,-85.38276,31.26958
Thursday,24-1-2019,15:37,0.18,0:04,-85.38276,31.26958,-85.38088,31.2693
Thursday,24-1-2019,16:59,6.86,0:15,-85.38088,31.2693,-85.43738,31.24992
Friday,25-1-2019,9:45,1.62,0:08,-85.43738,31.24992,-85.4422,31.26802
Friday,25-1-2019,10:40,0.1,0:01,-85.44219,31.268,-85.44215,31.26835
Friday,25-1-2019,10:57,4.92,0:11,-85.44224,31.26832,-85.38284,31.26956
Friday,25-1-2019,15:05,4.59,0:11,-85.38284,31.26956,-85.4372,31.25027
Friday,25-1-2019,15:51,1.1,0:05,-85.4372,31.25027,-85.43169,31.25642
Friday,25-1-2019,16:02,0.01,0:01,-85.43157,31.25655,-85.43152,31.2567
Friday,25-1-2019,17:33,0.06,0:01,-85.43152,31.2567,-85.43164,31.25657
Saturday,26-1-2019,7:49,0.04,0:00,-85.43164,31.25657,-85.43167,31.2562
Saturday,26-1-2019,15:20,0.75,0:03,-85.43179,31.2563,-85.43721,31.25029
Sunday,27-1-2019,8:57,0.99,0:03,-85.43684,31.2491,-85.43678,31.24003
Sunday,27-1-2019,11:13,0.94,0:05,-85.43678,31.24003,-85.43716,31.25024
Sunday,27-1-2019,14:39,2.46,0:09,-85.43716,31.25024,-85.42976,31.22634
Sunday,27-1-2019,16:52,2.43,0:09,-85.42971,31.22612,-85.43714,31.25025
Sunday,27-1-2019,17:36,3.82,0:21,-85.4371,31.25032,-85.43525,31.2397
Sunday,27-1-2019,18:50,0.83,0:03,-85.43514,31.23954,-85.43717,31.25029
Monday,28-1-2019,7:31,8.27,0:18,-85.4371,31.25008,-85.46529,31.31445
Monday,28-1-2019,10:40,6.77,0:09,-85.46529,31.31445,-85.38277,31.26958
Monday,28-1-2019,15:27,0.17,0:06,-85.38277,31.26958,-85.38088,31.26953
Monday,28-1-2019,16:59,4.48,0:11,-85.38088,31.26953,-85.43721,31.25025
Tuesday,29-1-2019,8:56,0.94,0:02,-85.43685,31.24852,-85.43411,31.2372
Tuesday,29-1-2019,10:15,0.93,0:03,-85.43408,31.23746,-85.43743,31.24996
Tuesday,29-1-2019,10:25,4.6,0:11,-85.43743,31.24996,-85.38277,31.26961
Tuesday,29-1-2019,15:36,4.59,0:08,-85.38261,31.26987,-85.43721,31.25024
Wednesday,30-1-2019,9:01,5.83,0:10,-85.43721,31.25037,-85.46889,31.31505
Wednesday,30-1-2019,10:33,6.98,0:12,-85.46885,31.31502,-85.38277,31.26959
Wednesday,30-1-2019,15:21,0.16,0:11,-85.38277,31.26959,-85.38066,31.26969
Wednesday,30-1-2019,16:31,4.48,0:11,-85.38066,31.26969,-85.43716,31.25024
Wednesday,30-1-2019,17:31,0.8,0:08,-85.43715,31.2502,-85.43526,31.23971
Wednesday,30-1-2019,19:28,2.18,0:10,-85.43526,31.23971,-85.42944,31.25088
Wednesday,30-1-2019,22:12,1.9,0:05,-85.42944,31.25088,-85.4372,31.25029
Thursday,31-1-2019,9:17,6.24,0:14,-85.4372,31.25029,-85.36971,31.21085
Thursday,31-1-2019,10:21,5.94,0:12,-85.36964,31.21086,-85.38279,31.26951
Thursday,31-1-2019,15:04,4.59,0:08,-85.38279,31.26951,-85.43721,31.25027
Thursday,31-1-2019,15:59,0.85,0:02,-85.43659,31.24969,-85.43612,31.23988
Thursday,31-1-2019,16:19,0.89,0:03,-85.43612,31.23988,-85.43702,31.25028
Thursday,31-1-2019,16:54,2.05,0:12,-85.43685,31.24976,-85.4372,31.25024
Friday,1-2-2019,10:21,4.75,0:10,-85.4372,31.25024,-85.38275,31.26697
Friday,1-2-2019,10:34,0.17,0:01,-85.38277,31.26744,-85.38275,31.26958
Friday,1-2-2019,15:30,4.6,0:11,-85.38275,31.26958,-85.43721,31.25027
Sunday,3-2-2019,8:58,0.99,0:02,-85.43687,31.24979,-85.43678,31.24011
Sunday,3-2-2019,11:25,4.35,0:14,-85.43678,31.24014,-85.39208,31.25066
Sunday,3-2-2019,12:30,3.56,0:09,-85.39208,31.25066,-85.43718,31.25022
Sunday,3-2-2019,18:07,0.84,0:03,-85.43522,31.23987,-85.43712,31.25036
Monday,4-2-2019,7:34,5.58,0:14,-85.43712,31.25036,-85.46537,31.31445
Monday,4-2-2019,10:29,5.5,0:15,-85.46507,31.3144,-85.43731,31.24989
Monday,4-2-2019,11:24,4.57,0:08,-85.43731,31.24989,-85.38276,31.26965
Monday,4-2-2019,15:15,4.58,0:10,-85.382,31.26994,-85.43718,31.25026
Monday,4-2-2019,17:00,2.05,0:11,-85.43644,31.24964,-85.4363,31.24974
Monday,4-2-2019,17:40,4.55,0:12,-85.43693,31.24999,-85.38858,31.22387
Monday,4-2-2019,19:37,4.65,0:12,-85.38842,31.22376,-85.4372,31.25026
Tuesday,5-2-2019,11:45,4.56,0:09,-85.43718,31.25025,-85.38277,31.26959
Tuesday,5-2-2019,15:33,0.17,0:06,-85.38277,31.26959,-85.38068,31.26953
Tuesday,5-2-2019,17:06,4.48,0:12,-85.38066,31.26941,-85.43721,31.25028
Wednesday,6-2-2019,8:50,4.64,0:09,-85.43721,31.25028,-85.38053,31.26723
Wednesday,6-2-2019,9:02,7.05,0:11,-85.38053,31.26723,-85.46891,31.31488
Wednesday,6-2-2019,9:59,5.7,0:10,-85.4685,31.31461,-85.43732,31.2499
Wednesday,6-2-2019,11:08,0.85,0:02,-85.43661,31.24971,-85.43623,31.23983
Wednesday,6-2-2019,11:12,5.32,0:13,-85.43623,31.23983,-85.38277,31.26958
Wednesday,6-2-2019,15:33,0.16,0:01,-85.38269,31.2699,-85.38071,31.26963
Wednesday,6-2-2019,16:42,0.36,0:03,-85.38068,31.26967,-85.37705,31.27137
Wednesday,6-2-2019,16:50,4.32,0:08,-85.3774,31.27137,-85.43717,31.25024
Wednesday,6-2-2019,17:38,0.8,0:05,-85.43699,31.25037,-85.43534,31.23974
Wednesday,6-2-2019,19:38,0.84,0:06,-85.43489,31.23967,-85.43667,31.25001
Thursday,7-2-2019,11:26,4.56,0:09,-85.43697,31.25015,-85.38276,31.26958
Thursday,7-2-2019,15:22,0.16,0:14,-85.38276,31.26958,-85.38067,31.26974
Thursday,7-2-2019,16:49,4.46,0:09,-85.38012,31.27036,-85.43614,31.24958
Thursday,7-2-2019,17:22,8.7,0:20,-85.4371,31.2503,-85.43935,31.23993
Thursday,7-2-2019,18:28,3.21,0:10,-85.43935,31.24016,-85.4373,31.2499
Thursday,7-2-2019,19:04,4.93,0:12,-85.4373,31.2499,-85.38935,31.21157
Thursday,7-2-2019,21:21,5.21,0:09,-85.38915,31.21168,-85.43678,31.25027
Friday,8-2-2019,10:00,1.4,0:05,-85.43689,31.24998,-85.42723,31.23934
Friday,8-2-2019,11:12,6.39,0:13,-85.42723,31.23934,-85.38278,31.26959
Friday,8-2-2019,15:24,5.36,0:09,-85.38278,31.26959,-85.43722,31.25029
Friday,8-2-2019,18:09,2.2,0:09,-85.43701,31.25059,-85.4372,31.25023
Sunday,10-2-2019,8:53,0.99,0:02,-85.43683,31.24854,-85.43681,31.24001
Sunday,10-2-2019,11:36,0.94,0:03,-85.43691,31.23993,-85.43721,31.25027
Sunday,10-2-2019,15:59,0.99,0:03,-85.43721,31.25027,-85.43677,31.24003
Sunday,10-2-2019,18:28,0.94,0:03,-85.43682,31.23993,-85.43718,31.25023
Monday,11-2-2019,10:53,5.69,0:11,-85.46837,31.3151,-85.43732,31.24988
Monday,11-2-2019,11:27,4.56,0:09,-85.43726,31.25005,-85.38277,31.26962
Monday,11-2-2019,15:25,6.45,0:19,-85.38305,31.26918,-85.4372,31.25025
Tuesday,12-2-2019,8:59,0.94,0:01,-85.43664,31.24958,-85.43413,31.23729
Tuesday,12-2-2019,10:02,0.93,0:02,-85.43413,31.23734,-85.43716,31.25024
Tuesday,12-2-2019,12:41,2.07,0:08,-85.43716,31.25024,-85.45546,31.23668
Tuesday,12-2-2019,13:32,6.53,0:14,-85.45546,31.23668,-85.38283,31.26945
Tuesday,12-2-2019,15:34,0.22,0:01,-85.38193,31.27012,-85.38089,31.26911
Tuesday,12-2-2019,17:06,4.48,0:11,-85.38089,31.26911,-85.4372,31.25024
Wednesday,13-2-2019,9:06,6.58,0:15,-85.4372,31.25024,-85.46875,31.31498
Wednesday,13-2-2019,10:08,7.39,0:14,-85.46875,31.31498,-85.43731,31.24988
Wednesday,13-2-2019,11:18,2.32,0:05,-85.43731,31.24988,-85.41236,31.23962
Wednesday,13-2-2019,11:29,4.63,0:10,-85.41236,31.23962,-85.38277,31.26954
Wednesday,13-2-2019,15:37,0.17,0:01,-85.38294,31.268,-85.38282,31.267
Wednesday,13-2-2019,16:55,4.76,0:10,-85.38271,31.26703,-85.4372,31.25024
Wednesday,13-2-2019,17:30,0.8,0:04,-85.437,31.25049,-85.43526,31.23974
Wednesday,13-2-2019,19:27,0.83,0:03,-85.43526,31.23974,-85.43698,31.25018
Thursday,14-2-2019,8:52,3.78,0:08,-85.43677,31.24896,-85.44493,31.20595
Thursday,14-2-2019,9:32,3.79,0:09,-85.44487,31.20596,-85.43729,31.24987
Thursday,14-2-2019,10:25,4.57,0:07,-85.43729,31.24987,-85.38286,31.26954
Thursday,14-2-2019,14:25,4.58,0:07,-85.38286,31.26954,-85.4372,31.25025
Tuesday,19-2-2019,8:14,2.15,0:07,-85.43672,31.24971,-85.43717,31.25018
Tuesday,19-2-2019,9:30,1.4,0:04,-85.43689,31.25001,-85.42715,31.23928
Tuesday,19-2-2019,10:11,1.54,0:06,-85.42715,31.23928,-85.43724,31.24985
Tuesday,19-2-2019,10:20,4.57,0:08,-85.43724,31.24985,-85.38278,31.2696
Tuesday,19-2-2019,15:32,0.16,0:03,-85.38278,31.2696,-85.38068,31.26964
Tuesday,19-2-2019,17:03,3.85,0:09,-85.38068,31.26964,-85.43218,31.25882
Tuesday,19-2-2019,17:19,0.73,0:03,-85.43218,31.25882,-85.43719,31.24983
Tuesday,19-2-2019,18:14,1.61,0:09,-85.43727,31.24985,-85.42547,31.2475
Tuesday,19-2-2019,18:58,1.15,0:05,-85.4254,31.24752,-85.43004,31.25063
Tuesday,19-2-2019,22:12,2.27,0:06,-85.43004,31.25063,-85.43716,31.25021
Wednesday,20-2-2019,7:40,5.18,0:30,-85.43726,31.25029,-85.39221,31.22422
Wednesday,20-2-2019,8:39,8.72,0:15,-85.39221,31.22422,-85.46869,31.31485
Wednesday,20-2-2019,10:43,5.72,0:12,-85.46819,31.31501,-85.43733,31.2499
Wednesday,20-2-2019,11:32,4.56,0:11,-85.43733,31.2499,-85.38276,31.26958
Wednesday,20-2-2019,15:31,0.2,0:07,-85.38276,31.26958,-85.38066,31.26935
Wednesday,20-2-2019,16:59,4.48,0:09,-85.38066,31.26935,-85.4372,31.25026
Wednesday,20-2-2019,17:59,0.8,0:03,-85.43699,31.25007,-85.43528,31.2397
Thursday,21-2-2019,8:58,0.83,0:04,-85.43525,31.23971,-85.4372,31.25025
Thursday,21-2-2019,10:20,4.56,0:23,-85.43677,31.24981,-85.38268,31.26965
Thursday,21-2-2019,15:41,0.16,0:04,-85.38278,31.26953,-85.3807,31.26977
Thursday,21-2-2019,16:47,0.38,0:02,-85.3807,31.26977,-85.37727,31.27141
Thursday,21-2-2019,16:53,4.33,0:10,-85.37705,31.27137,-85.43717,31.25029
Friday,22-2-2019,11:17,4.57,0:15,-85.43733,31.24996,-85.38275,31.26949
Friday,22-2-2019,15:20,4.58,0:08,-85.38282,31.26968,-85.43717,31.25025
Saturday,23-2-2019,7:52,4.47,0:08,-85.43691,31.24992,-85.38097,31.26866
Saturday,23-2-2019,8:57,0.01,0:00,-85.38059,31.2685,-85.38059,31.2685
Saturday,23-2-2019,9:03,0.04,0:00,-85.38047,31.26866,-85.38094,31.26867
Saturday,23-2-2019,12:00,4.5,0:08,-85.38094,31.26867,-85.43719,31.25025
Sunday,24-2-2019,9:00,1,0:04,-85.43719,31.25025,-85.43675,31.23997
Sunday,24-2-2019,11:34,2.76,0:09,-85.43675,31.23997,-85.44868,31.27009
Sunday,24-2-2019,12:56,1.92,0:07,-85.44868,31.27009,-85.43714,31.2502
Sunday,24-2-2019,16:24,0.92,0:04,-85.43714,31.2502,-85.4428,31.24294
Sunday,24-2-2019,16:47,2.71,0:10,-85.4428,31.24294,-85.44714,31.26832
Sunday,24-2-2019,17:43,1.8,0:05,-85.44701,31.26831,-85.43716,31.25019
Sunday,24-2-2019,17:52,0.79,0:02,-85.43716,31.25019,-85.43526,31.23971
Sunday,24-2-2019,19:16,0.83,0:04,-85.43526,31.23971,-85.43718,31.25026
Monday,25-2-2019,7:45,5.83,0:11,-85.43718,31.25026,-85.4687,31.31483
Monday,25-2-2019,10:46,5.72,0:12,-85.46877,31.31481,-85.4373,31.2499
Monday,25-2-2019,11:25,4.57,0:12,-85.4373,31.2499,-85.38282,31.26957
Monday,25-2-2019,15:14,4.58,0:08,-85.38243,31.2699,-85.43723,31.25028
Tuesday,26-2-2019,10:00,0.91,0:02,-85.43694,31.2478,-85.43422,31.2374
Tuesday,26-2-2019,11:11,5.4,0:12,-85.43422,31.2374,-85.38279,31.26959
Tuesday,26-2-2019,15:27,0.16,0:03,-85.38275,31.26958,-85.38065,31.26975
Tuesday,26-2-2019,17:12,4.51,0:11,-85.38045,31.26973,-85.43721,31.25026
Wednesday,27-2-2019,8:53,5.86,0:10,-85.43709,31.24989,-85.46869,31.31501
Wednesday,27-2-2019,10:34,5.7,0:10,-85.46869,31.31501,-85.4373,31.24989
Wednesday,27-2-2019,11:27,4.56,0:24,-85.43694,31.2497,-85.38277,31.26959
Wednesday,27-2-2019,15:14,0.16,0:27,-85.38277,31.26959,-85.38067,31.26964
Wednesday,27-2-2019,17:03,4.47,0:10,-85.3802,31.26954,-85.43636,31.2501
Wednesday,27-2-2019,17:42,0.8,0:04,-85.43707,31.25024,-85.43523,31.23976
Wednesday,27-2-2019,19:36,0.83,0:02,-85.43493,31.23947,-85.43684,31.25028
Thursday,28-2-2019,11:29,4.57,0:24,-85.43716,31.25017,-85.38275,31.26958
Thursday,28-2-2019,15:40,4.73,0:13,-85.3827,31.26961,-85.43721,31.25027
Thursday,28-2-2019,18:59,2.43,0:08,-85.43721,31.25027,-85.41378,31.2317
Thursday,28-2-2019,21:12,2.36,0:07,-85.41362,31.23167,-85.43714,31.25016
Friday,1-3-2019,10:14,4.56,0:10,-85.43756,31.2501,-85.38276,31.26963
Friday,1-3-2019,14:23,4.58,0:09,-85.38276,31.26963,-85.43719,31.25017
Friday,1-3-2019,14:36,7.17,0:15,-85.43719,31.25017,-85.50082,31.2132
Friday,1-3-2019,17:04,6.77,0:17,-85.5,31.21381,-85.43723,31.25025
Sunday,3-3-2019,8:56,0.99,0:03,-85.43719,31.25019,-85.43674,31.24003
Sunday,3-3-2019,11:25,2.68,0:22,-85.43674,31.24003,-85.4372,31.25027
Monday,4-3-2019,7:46,5.73,0:10,-85.43635,31.25021,-85.4687,31.31481
Monday,4-3-2019,7:46,5.73,0:10,-85.43635,31.25021,-85.4687,31.31481
Monday,4-3-2019,10:21,5.69,0:11,-85.46789,31.3161,-85.43731,31.2499
Monday,4-3-2019,11:27,6,0:17,-85.43684,31.24965,-85.38276,31.2696
Monday,4-3-2019,15:40,0.17,0:02,-85.38257,31.26972,-85.3806,31.26959
Monday,4-3-2019,16:56,4.49,0:09,-85.3806,31.26959,-85.43718,31.25028
Tuesday,5-3-2019,8:51,6.77,0:13,-85.43685,31.24992,-85.50087,31.2132
Tuesday,5-3-2019,10:44,7.56,0:15,-85.50087,31.2132,-85.43725,31.24985
Tuesday,5-3-2019,11:27,4.57,0:25,-85.43725,31.24985,-85.3828,31.26963
Tuesday,5-3-2019,15:19,0.16,0:20,-85.3828,31.26963,-85.38085,31.26966
Tuesday,5-3-2019,16:43,4.47,0:11,-85.38085,31.26966,-85.43721,31.25025
Tuesday,5-3-2019,17:22,2.06,0:07,-85.43721,31.25025,-85.43711,31.2502
Tuesday,5-3-2019,18:25,1.93,0:12,-85.43711,31.2502,-85.4372,31.25027
Wednesday,6-3-2019,8:59,5.85,0:12,-85.43726,31.25033,-85.4687,31.31477
Wednesday,6-3-2019,10:26,5.68,0:11,-85.46851,31.31469,-85.43733,31.24991
Wednesday,6-3-2019,11:20,4.34,0:07,-85.43683,31.24971,-85.37704,31.27155
Wednesday,6-3-2019,11:33,0.47,0:05,-85.37794,31.27132,-85.38279,31.2696
Wednesday,6-3-2019,15:44,0.16,0:03,-85.38279,31.2696,-85.38065,31.2696
Wednesday,6-3-2019,17:09,4.47,0:12,-85.38065,31.2696,-85.43701,31.25018
Wednesday,6-3-2019,18:11,0.8,0:02,-85.43639,31.24973,-85.43496,31.23968
Wednesday,6-3-2019,19:38,1.02,0:05,-85.43522,31.23982,-85.43724,31.24989
Wednesday,6-3-2019,20:05,7.44,0:18,-85.43716,31.24987,-85.36468,31.21611
Wednesday,6-3-2019,20:28,6.09,0:14,-85.36468,31.21611,-85.4372,31.25025
Thursday,7-3-2019,8:53,3.41,0:09,-85.43683,31.24978,-85.40762,31.22238
Thursday,7-3-2019,9:02,0.03,0:00,-85.40792,31.22238,-85.40799,31.2225
Thursday,7-3-2019,9:32,3.33,0:09,-85.40759,31.22288,-85.43726,31.2499
Thursday,7-3-2019,9:53,3.26,0:09,-85.43726,31.2499,-85.408,31.22295
Thursday,7-3-2019,10:05,3.28,0:08,-85.408,31.22295,-85.4373,31.24992
Thursday,7-3-2019,11:25,4.56,0:14,-85.43651,31.24961,-85.3826,31.26942
Thursday,7-3-2019,22:56,0.04,0:00,-85.3826,31.26942,-85.38255,31.27
Thursday,7-3-2019,22:58,4.53,0:08,-85.38255,31.27,-85.43718,31.25023
Friday,8-3-2019,11:01,4.56,0:10,-85.43718,31.25023,-85.38277,31.26953
Friday,8-3-2019,14:26,4.58,0:09,-85.38283,31.2695,-85.43719,31.25026
Saturday,9-3-2019,7:41,5.16,0:10,-85.43719,31.25026,-85.40115,31.18782
Saturday,9-3-2019,8:08,82.27,1:24,-85.40115,31.18782,-85.87768,30.21663
Saturday,9-3-2019,16:21,0.32,0:03,-85.87768,30.21663,-85.87368,30.2167
Saturday,9-3-2019,21:11,87.32,1:34,-85.87368,30.2167,-85.43719,31.25025
Sunday,10-3-2019,9:03,0.98,0:03,-85.43719,31.25025,-85.43674,31.24009
Sunday,10-3-2019,11:20,0.94,0:03,-85.43682,31.23989,-85.4372,31.25026
Sunday,10-3-2019,12:27,2.43,0:09,-85.43664,31.2496,-85.42991,31.22673
Sunday,10-3-2019,13:27,2.4,0:07,-85.42991,31.22673,-85.43717,31.25025
Sunday,10-3-2019,18:38,2.61,0:10,-85.43709,31.25015,-85.44415,31.23147
Sunday,10-3-2019,20:09,0.56,0:04,-85.44392,31.23148,-85.4512,31.23291
Sunday,10-3-2019,20:16,0.03,0:00,-85.45067,31.23276,-85.45065,31.23253
Sunday,10-3-2019,20:20,2.59,0:06,-85.45097,31.23242,-85.43716,31.25014
Monday,11-3-2019,7:35,5.72,0:19,-85.4369,31.24978,-85.4687,31.31479
Monday,11-3-2019,11:12,5.7,0:12,-85.4687,31.31479,-85.4372,31.25023
Tuesday,12-3-2019,9:58,0.92,0:02,-85.43651,31.24953,-85.43416,31.23745
Tuesday,12-3-2019,11:10,5.37,0:12,-85.43416,31.23745,-85.38278,31.2696
Tuesday,12-3-2019,15:43,0.16,0:02,-85.38272,31.26957,-85.38066,31.26958
Tuesday,12-3-2019,17:04,4.47,0:16,-85.38048,31.2698,-85.43724,31.25027
Tuesday,12-3-2019,19:10,5.58,0:09,-85.43724,31.25027,-85.38877,31.25585
Tuesday,12-3-2019,19:45,3.67,0:10,-85.38877,31.25585,-85.4371,31.25026
Wednesday,13-3-2019,9:08,5.71,0:10,-85.43667,31.24969,-85.46878,31.31473
Wednesday,13-3-2019,10:29,5.67,0:13,-85.46878,31.31473,-85.43736,31.24991
Wednesday,13-3-2019,11:30,4.56,0:11,-85.43736,31.24991,-85.38278,31.26961
Wednesday,13-3-2019,15:17,0.17,0:25,-85.38272,31.26957,-85.38067,31.26955
Wednesday,13-3-2019,17:11,4.48,0:08,-85.38064,31.26905,-85.43717,31.25017
Wednesday,13-3-2019,18:06,0.8,0:02,-85.43686,31.25001,-85.43508,31.23965
Wednesday,13-3-2019,18:13,1.73,0:06,-85.43532,31.23974,-85.43658,31.24021
Wednesday,13-3-2019,19:49,0.93,0:03,-85.4362,31.23967,-85.43691,31.25037
Thursday,14-3-2019,8:43,6.77,0:13,-85.43718,31.25027,-85.50082,31.21318
Thursday,14-3-2019,9:54,6.77,0:12,-85.50063,31.21324,-85.4372,31.25027
Thursday,14-3-2019,11:22,4.55,0:10,-85.4372,31.25027,-85.38276,31.26959
Thursday,14-3-2019,15:42,0.21,0:01,-85.38289,31.26991,-85.38067,31.2695
Thursday,14-3-2019,17:14,4.48,0:14,-85.38067,31.2695,-85.43724,31.2503
Friday,15-3-2019,10:40,4.56,0:09,-85.43724,31.2503,-85.38277,31.26963
Friday,15-3-2019,14:25,4.56,0:10,-85.38286,31.26989,-85.4372,31.25025
Saturday,16-3-2019,4:40,4.44,0:16,-85.4372,31.25025,-85.38098,31.26898
Saturday,16-3-2019,19:42,4.49,0:08,-85.38063,31.26892,-85.43718,31.25028
Sunday,17-3-2019,8:55,0.99,0:03,-85.43718,31.25038,-85.43675,31.24011
Sunday,17-3-2019,11:26,0.94,0:03,-85.43708,31.24038,-85.43712,31.2502
Sunday,17-3-2019,13:16,4.2,0:10,-85.43716,31.2504,-85.46541,31.2594
Sunday,17-3-2019,13:44,4.2,0:09,-85.4648,31.25951,-85.43719,31.25023
Sunday,17-3-2019,16:59,0.89,0:03,-85.43719,31.25023,-85.43663,31.24012
Sunday,17-3-2019,19:46,1.03,0:03,-85.43663,31.24012,-85.43722,31.25023
Monday,18-3-2019,7:41,5.72,0:12,-85.43722,31.25023,-85.46869,31.3148
Monday,18-3-2019,10:37,5.68,0:10,-85.46869,31.3148,-85.43734,31.24989
Monday,18-3-2019,11:30,4.57,0:09,-85.43734,31.24989,-85.38277,31.26959
Monday,18-3-2019,15:39,0.16,0:02,-85.38277,31.26959,-85.38067,31.2696
Monday,18-3-2019,17:15,4.48,0:10,-85.38067,31.2696,-85.43734,31.24988
Monday,18-3-2019,17:27,1.94,0:07,-85.43731,31.24993,-85.42136,31.24232
Monday,18-3-2019,19:24,1.99,0:06,-85.42149,31.24247,-85.4372,31.25027
Tuesday,19-3-2019,8:48,6.78,0:10,-85.43696,31.25011,-85.50083,31.21323
Tuesday,19-3-2019,9:38,14.08,1:01,-85.50083,31.21323,-85.38275,31.26959
Tuesday,19-3-2019,14:31,4.58,0:07,-85.38275,31.26959,-85.43719,31.25027
Tuesday,19-3-2019,15:30,1.73,0:08,-85.43723,31.25029,-85.42127,31.23483
Tuesday,19-3-2019,17:35,1.71,0:08,-85.42059,31.23428,-85.43729,31.24988
Tuesday,19-3-2019,18:00,5.59,0:13,-85.43732,31.24985,-85.46378,31.31557
Tuesday,19-3-2019,18:00,5.59,0:13,-85.43732,31.24985,-85.4639,31.31657
Tuesday,19-3-2019,19:04,5.68,0:15,-85.46359,31.3167,-85.4372,31.25024
Wednesday,20-3-2019,9:10,5.73,0:08,-85.43691,31.25002,-85.46874,31.31478
Wednesday,20-3-2019,10:34,7.31,0:10,-85.46874,31.31478,-85.43735,31.2499
Wednesday,20-3-2019,11:23,4.57,0:29,-85.43726,31.24997,-85.38277,31.26956
Wednesday,20-3-2019,15:16,4.56,0:07,-85.38266,31.26948,-85.43732,31.24989
Wednesday,20-3-2019,15:28,6.73,0:18,-85.43732,31.24989,-85.50083,31.2132
Wednesday,20-3-2019,16:14,6.77,0:15,-85.50071,31.21335,-85.43721,31.25024
Wednesday,20-3-2019,17:36,0.79,0:09,-85.43637,31.24949,-85.43527,31.23969
Wednesday,20-3-2019,19:47,0.83,0:03,-85.43454,31.23936,-85.43661,31.25032
Thursday,21-3-2019,8:50,4.45,0:10,-85.43717,31.25033,-85.49088,31.24313
Thursday,21-3-2019,9:59,0.94,0:02,-85.49088,31.24313,-85.48149,31.23961
Thursday,21-3-2019,10:04,3.72,0:07,-85.48149,31.23961,-85.43727,31.24986
Thursday,21-3-2019,10:23,3.46,0:07,-85.43727,31.24986,-85.39029,31.25428
Thursday,21-3-2019,10:41,1.54,0:04,-85.39029,31.25428,-85.38276,31.26958
Thursday,21-3-2019,15:34,0.16,0:03,-85.38276,31.26958,-85.38272,31.26959
Thursday,21-3-2019,15:34,0.16,0:03,-85.38276,31.26958,-85.38063,31.26971
Thursday,21-3-2019,17:10,4.48,0:07,-85.38074,31.26967,-85.4372,31.25024
Friday,22-3-2019,8:50,3.33,0:08,-85.4372,31.25024,-85.40756,31.22232
Friday,22-3-2019,9:16,3.39,0:10,-85.40756,31.22232,-85.43721,31.2503
Friday,22-3-2019,10:49,4.57,0:07,-85.43721,31.2503,-85.38276,31.26959
Friday,22-3-2019,14:24,4.58,0:08,-85.38276,31.26959,-85.43716,31.25027
Sunday,31-3-2019,9:02,0.98,0:03,-85.43678,31.24008,-85.43681,31.24009
Sunday,31-3-2019,11:19,2.46,0:13,-85.43681,31.24009,-85.43721,31.25027
Sunday,31-3-2019,13:55,1.88,0:14,-85.43696,31.25001,-85.43722,31.25024
Sunday,31-3-2019,17:47,0.8,0:03,-85.43722,31.25024,-85.43526,31.23974
Sunday,31-3-2019,18:49,2.85,0:27,-85.43526,31.23974,-85.43722,31.2502
Monday,1-4-2019,7:30,5.73,0:15,-85.43672,31.25001,-85.46869,31.31477
Monday,1-4-2019,10:38,5.69,0:09,-85.4685,31.3146,-85.43734,31.2499
Monday,1-4-2019,11:28,4.57,0:11,-85.43737,31.2499,-85.38283,31.26962
Monday,1-4-2019,15:43,0.16,0:02,-85.38283,31.26962,-85.38069,31.26969
Monday,1-4-2019,17:19,4.47,0:12,-85.38061,31.26955,-85.43678,31.25012
Tuesday,2-4-2019,8:55,0.95,0:03,-85.43678,31.25012,-85.43409,31.23728
Tuesday,2-4-2019,9:01,0.92,0:03,-85.43409,31.23728,-85.43733,31.24992
Tuesday,2-4-2019,9:55,0.95,0:02,-85.43733,31.24992,-85.43411,31.23729
Tuesday,2-4-2019,11:08,5.37,0:10,-85.43415,31.2373,-85.3828,31.26959
Tuesday,2-4-2019,15:31,0.16,0:04,-85.3828,31.26959,-85.38072,31.26963
Tuesday,2-4-2019,17:01,4.47,0:10,-85.38059,31.26958,-85.43722,31.25028
Wednesday,3-4-2019,8:57,5.73,0:10,-85.43722,31.25028,-85.46869,31.31483
Wednesday,3-4-2019,10:56,5.68,0:11,-85.46828,31.31453,-85.43728,31.2499
Wednesday,3-4-2019,11:26,4.56,0:07,-85.43734,31.24992,-85.38277,31.26962
Wednesday,3-4-2019,15:31,5.61,0:21,-85.38277,31.26962,-85.4247,31.22795
Wednesday,3-4-2019,16:45,10.42,0:36,-85.4247,31.22795,-85.43735,31.24992
Wednesday,3-4-2019,18:26,0.8,0:02,-85.43628,31.24982,-85.43484,31.23979
Wednesday,3-4-2019,19:29,0.83,0:03,-85.43515,31.23966,-85.43703,31.25017
Thursday,4-4-2019,11:30,4.56,0:09,-85.43706,31.2502,-85.38275,31.26963
Thursday,4-4-2019,15:41,0.16,0:05,-85.38253,31.26967,-85.38059,31.26968
Thursday,4-4-2019,16:48,4.47,0:10,-85.38061,31.26969,-85.4372,31.25023
Thursday,4-4-2019,17:57,2.14,0:08,-85.43718,31.25041,-85.41608,31.23444
Thursday,4-4-2019,19:29,2.07,0:08,-85.41608,31.23444,-85.4372,31.25024
Friday,5-4-2019,11:49,0.08,0:00,-85.4372,31.25024,-85.43743,31.24983
Friday,5-4-2019,12:05,0.11,0:01,-85.43743,31.24983,-85.43722,31.2503
Friday,5-4-2019,17:44,0.01,0:00,-85.43722,31.2503,-85.43723,31.25008
Friday,5-4-2019,19:55,3.87,0:12,-85.43723,31.25008,-85.39158,31.24831
Friday,5-4-2019,22:13,2.58,0:11,-85.39143,31.24833,-85.37696,31.27177
Friday,5-4-2019,22:27,7.69,0:31,-85.37696,31.27177,-85.46654,31.24814
Friday,5-4-2019,23:46,2.67,0:10,-85.46654,31.24814,-85.43724,31.24985
Saturday,6-4-2019,18:54,4.5,0:07,-85.38223,31.26942,-85.43766,31.25014
Sunday,7-4-2019,8:54,0.99,0:03,-85.43758,31.25101,-85.43706,31.24052
Sunday,7-4-2019,11:15,0.94,0:03,-85.43686,31.23986,-85.43724,31.25028
Sunday,7-4-2019,14:02,5.35,0:13,-85.43724,31.25028,-85.43717,31.25025
Sunday,7-4-2019,14:48,2.16,0:10,-85.4371,31.25057,-85.43715,31.25023
Sunday,7-4-2019,16:17,2.21,0:42,-85.43715,31.25023,-85.43718,31.25027
Sunday,7-4-2019,17:22,1.93,0:07,-85.43718,31.25027,-85.44989,31.26813
Sunday,7-4-2019,19:26,2.02,0:05,-85.4512,31.26895,-85.43729,31.25037
Monday,8-4-2019,7:48,5.69,0:11,-85.43688,31.24912,-85.46834,31.31467
Monday,8-4-2019,10:41,5.67,0:09,-85.46836,31.31465,-85.43729,31.24991
Monday,8-4-2019,11:29,4.57,0:08,-85.43729,31.24991,-85.38283,31.26958
Monday,8-4-2019,15:44,0.17,0:02,-85.38252,31.26987,-85.38064,31.26951
Monday,8-4-2019,16:53,4.46,0:12,-85.38064,31.26951,-85.43473,31.25492
Monday,8-4-2019,16:53,4.46,0:12,-85.38064,31.26951,-85.4373,31.24988
Monday,8-4-2019,18:20,1.88,0:05,-85.4373,31.24988,-85.45364,31.2457
Monday,8-4-2019,19:18,1.34,0:04,-85.45364,31.2457,-85.43714,31.25017
Tuesday,9-4-2019,8:51,1.4,0:05,-85.43714,31.25017,-85.42726,31.23929
Tuesday,9-4-2019,9:50,1.41,0:03,-85.42713,31.23932,-85.4372,31.25027
Tuesday,9-4-2019,11:47,4.57,0:06,-85.43651,31.24983,-85.38275,31.26958
Tuesday,9-4-2019,15:37,0.24,0:04,-85.38268,31.26958,-85.38102,31.26899
Tuesday,9-4-2019,17:01,4.49,0:09,-85.38087,31.26899,-85.43721,31.25027
Wednesday,10-4-2019,11:14,4.57,0:15,-85.43721,31.25027,-85.38277,31.26956
Wednesday,10-4-2019,15:34,0.18,0:12,-85.38277,31.26956,-85.38066,31.26952
Wednesday,10-4-2019,16:57,4.48,0:14,-85.3806,31.26951,-85.43718,31.25027
Wednesday,10-4-2019,17:42,0.88,0:02,-85.43718,31.25027,-85.43645,31.23997
Wednesday,10-4-2019,19:39,0.91,0:06,-85.43645,31.23997,-85.43716,31.25032
Thursday,11-4-2019,11:23,4.56,0:15,-85.43728,31.25019,-85.38277,31.26959
Thursday,11-4-2019,15:32,0.16,0:08,-85.38277,31.26959,-85.38065,31.26973
Thursday,11-4-2019,17:03,4.47,0:08,-85.38073,31.26972,-85.43717,31.25024
Friday,12-4-2019,11:02,4.56,0:09,-85.43682,31.24959,-85.38276,31.26959
Friday,12-4-2019,14:25,10.13,0:20,-85.38188,31.26996,-85.4373,31.24988
Friday,12-4-2019,15:07,0.2,0:01,-85.4373,31.24988,-85.43514,31.24972
Friday,12-4-2019,16:10,0.21,0:01,-85.43488,31.24953,-85.43697,31.25014
Saturday,13-4-2019,5:10,4.46,0:10,-85.43711,31.25023,-85.38119,31.26901
Saturday,13-4-2019,22:31,4.5,0:08,-85.3809,31.26893,-85.43719,31.2502
Sunday,14-4-2019,8:44,0.99,0:06,-85.43703,31.25002,-85.43672,31.24007
Sunday,14-4-2019,12:24,0.94,0:03,-85.43672,31.24007,-85.43722,31.25023
Sunday,14-4-2019,14:22,6.75,0:12,-85.43717,31.25026,-85.50082,31.21321
Sunday,14-4-2019,15:12,6.77,0:10,-85.50082,31.21321,-85.43717,31.2502
Sunday,14-4-2019,15:28,6.88,0:12,-85.43706,31.25016,-85.50085,31.21322
Sunday,14-4-2019,17:27,6.77,0:13,-85.50069,31.21307,-85.43712,31.25023
Sunday,14-4-2019,17:41,0.79,0:02,-85.43712,31.25023,-85.43526,31.23968
Sunday,14-4-2019,18:37,0.84,0:02,-85.43526,31.23968,-85.43697,31.25021
Monday,15-4-2019,7:46,5.7,0:10,-85.43668,31.24987,-85.46837,31.3147
Monday,15-4-2019,10:50,10.23,0:15,-85.46837,31.3147,-85.50083,31.2132
Monday,15-4-2019,11:15,11.65,0:24,-85.50083,31.2132,-85.38279,31.26951
Monday,15-4-2019,15:48,0.16,0:03,-85.38286,31.26961,-85.38072,31.26969
Monday,15-4-2019,16:48,4.47,0:10,-85.38068,31.26973,-85.43717,31.25016
Monday,15-4-2019,17:20,6.75,0:20,-85.43721,31.25027,-85.50081,31.21321
Monday,15-4-2019,18:33,6.75,0:15,-85.50081,31.21321,-85.43716,31.25022
Monday,15-4-2019,19:05,1.39,0:05,-85.43679,31.24985,-85.42988,31.25099
Monday,15-4-2019,20:56,0.03,0:00,-85.42975,31.25094,-85.43001,31.25063
Monday,15-4-2019,22:08,2.07,0:19,-85.43003,31.25069,-85.43716,31.25018
Tuesday,16-4-2019,9:13,2.42,0:06,-85.43703,31.25011,-85.46329,31.24613
Tuesday,16-4-2019,10:55,0.78,0:07,-85.46313,31.24595,-85.45917,31.23679
Tuesday,16-4-2019,11:28,6.86,0:20,-85.45917,31.23679,-85.38283,31.26957
Tuesday,16-4-2019,15:42,0.16,0:02,-85.38283,31.26957,-85.38085,31.26979
Tuesday,16-4-2019,17:05,4.46,0:13,-85.38072,31.26979,-85.43719,31.25025
Tuesday,16-4-2019,20:17,4.35,0:09,-85.43719,31.25025,-85.47267,31.25843
Tuesday,16-4-2019,20:29,2.96,0:05,-85.47267,31.25843,-85.43449,31.256
Tuesday,16-4-2019,20:38,0.52,0:01,-85.43449,31.256,-85.43716,31.25026
Wednesday,17-4-2019,9:14,5.71,0:08,-85.4368,31.24961,-85.46874,31.31476
Wednesday,17-4-2019,10:37,5.68,0:15,-85.46869,31.3147,-85.43732,31.24987
Wednesday,17-4-2019,11:34,4.56,0:08,-85.43732,31.24987,-85.3828,31.26958
Wednesday,17-4-2019,15:16,0.2,0:22,-85.38274,31.26959,-85.38072,31.2694
Wednesday,17-4-2019,17:19,4.76,0:10,-85.38026,31.26999,-85.4372,31.25027
Wednesday,17-4-2019,18:29,2.34,0:08,-85.43692,31.24987,-85.43526,31.23977
Wednesday,17-4-2019,19:37,2.76,0:24,-85.43526,31.23977,-85.43718,31.25027
Thursday,18-4-2019,10:42,0.75,0:02,-85.43718,31.25027,-85.432,31.25879
Thursday,18-4-2019,10:48,3.9,0:06,-85.432,31.25879,-85.38278,31.2696
Thursday,18-4-2019,20:49,4.58,0:08,-85.38278,31.2696,-85.43718,31.25028
Sunday,21-4-2019,6:24,0.86,0:03,-85.43707,31.25019,-85.43636,31.23975
Sunday,21-4-2019,11:05,0.89,0:03,-85.50153,31.20028,-85.43723,31.25019
Sunday,21-4-2019,17:13,4.85,0:14,-85.43723,31.25019,-85.43722,31.25025
Sunday,21-4-2019,17:57,3.79,0:14,-85.43677,31.24999,-85.43716,31.25024
Monday,22-4-2019,7:54,5.7,0:11,-85.43716,31.25024,-85.46837,31.31469
Monday,22-4-2019,10:24,5.66,0:08,-85.46837,31.31469,-85.43709,31.25008
Monday,22-4-2019,11:27,4.57,0:09,-85.43709,31.25008,-85.38276,31.26954
Monday,22-4-2019,15:46,0.16,0:01,-85.37863,31.27994,-85.37725,31.27913
Monday,22-4-2019,17:02,4.47,0:09,-85.38043,31.26973,-85.43719,31.25023
Monday,22-4-2019,17:47,6.69,0:15,-85.43719,31.25023,-85.5008,31.2132
Tuesday,23-4-2019,10:01,0.92,0:02,-85.43609,31.24497,-85.43412,31.23749
Tuesday,23-4-2019,11:02,0.93,0:03,-85.43419,31.23744,-85.4372,31.25025
Tuesday,23-4-2019,11:48,4.56,0:09,-85.4372,31.25025,-85.3828,31.26953
Tuesday,23-4-2019,15:35,0.17,0:07,-85.38299,31.27007,-85.38081,31.26965
Tuesday,23-4-2019,16:58,4.47,0:09,-85.38081,31.26965,-85.43718,31.25025
Tuesday,23-4-2019,17:29,1.93,0:08,-85.43691,31.25014,-85.43717,31.25027
Tuesday,23-4-2019,18:27,1.93,0:09,-85.43717,31.25027,-85.43716,31.25019
Wednesday,24-4-2019,9:05,5.72,0:10,-85.4354,31.252,-85.46871,31.31481
Wednesday,24-4-2019,11:21,6.94,0:21,-85.46871,31.31481,-85.38277,31.26961
Wednesday,24-4-2019,15:31,0.16,0:05,-85.38277,31.26961,-85.38069,31.26967
Wednesday,24-4-2019,16:53,4.49,0:08,-85.38044,31.26966,-85.43715,31.25026
Wednesday,24-4-2019,18:22,0.8,0:02,-85.43667,31.25006,-85.43478,31.2394
Wednesday,24-4-2019,19:38,0.83,0:03,-85.43519,31.23993,-85.43719,31.25024
Thursday,25-4-2019,8:02,2.07,0:09,-85.43699,31.25052,-85.41604,31.2346
Thursday,25-4-2019,9:24,2.06,0:05,-85.41604,31.2346,-85.43727,31.2499
Thursday,25-4-2019,10:44,4.56,0:09,-85.43727,31.2499,-85.38277,31.26958
Thursday,25-4-2019,14:26,6.38,0:17,-85.38283,31.26974,-85.43574,31.2608
Thursday,25-4-2019,14:50,0.9,0:05,-85.43565,31.26065,-85.43721,31.25026
Sunday,28-4-2019,8:59,0.87,0:03,-85.4369,31.24703,-85.43672,31.2399
Sunday,28-4-2019,11:25,0.8,0:05,-85.43664,31.23988,-85.43248,31.23102
Sunday,28-4-2019,12:29,1.79,0:04,-85.43267,31.23101,-85.43717,31.25027
Sunday,28-4-2019,17:42,0.8,0:04,-85.43717,31.25027,-85.43526,31.23972
Sunday,28-4-2019,18:56,0.83,0:04,-85.43536,31.2395,-85.43714,31.25023
Monday,29-4-2019,7:23,8.44,0:16,-85.43714,31.25023,-85.46837,31.31469
Monday,29-4-2019,9:21,5.67,0:10,-85.46812,31.31402,-85.43731,31.2499
Monday,29-4-2019,11:19,4.56,0:11,-85.43704,31.24971,-85.38283,31.2696
Monday,29-4-2019,15:11,4.58,0:08,-85.38283,31.2696,-85.43718,31.25025
Tuesday,30-4-2019,11:41,4.56,0:09,-85.43697,31.25005,-85.38275,31.26951
Tuesday,30-4-2019,17:42,4.58,0:08,-85.38275,31.26951,-85.43722,31.25031
Tuesday,30-4-2019,18:50,4.55,0:07,-85.43682,31.25031,-85.38275,31.26971
Tuesday,30-4-2019,21:36,5.26,0:09,-85.38259,31.26987,-85.43718,31.25026